Price,Location
1.75,Mumbai
12.5,Pune
4.5,Chennai
6.0,Chennai
17.74,Coimbatore
2.35,Hyderabad
3.5,Jaipur
17.5,Mumbai
5.2,Pune
1.95,Chennai
9.95,Kochi
4.49,Kolkata
5.6,Jaipur
27.0,Delhi
17.5,Pune
15.0,Delhi
5.4,Kochi
5.99,Jaipur
6.34,Kochi
28.0,Bangalore
18.55,Kochi
8.25,Bangalore
23.5,Mumbai
1.87,Kolkata
2.85,Kolkata
4.25,Mumbai
4.25,Hyderabad
2.75,Hyderabad
9.9,Kochi
4.0,Mumbai
7.75,Bangalore
6.75,Delhi
12.5,Bangalore
11.5,Kolkata
6.98,Coimbatore
1.85,Jaipur
8.63,Kochi
4.85,Delhi
28.0,Pune
5.0,Chennai
1.25,Delhi
1.53,Kochi
5.58,Coimbatore
4.74,Kochi
8.85,Bangalore
10.11,Mumbai
4.25,Ahmedabad
10.95,Bangalore
3.85,Jaipur
5.5,Jaipur
21.43,Kochi
4.25,Delhi
3.3,Kolkata
3.85,Delhi
3.6,Chennai
3.99,Kolkata
3.3,Kochi
2.07,Kolkata
7.75,Hyderabad
2.25,Hyderabad
16.5,Mumbai
2.75,Bangalore
26.7,Delhi
10.0,Pune
2.5,Chennai
13.5,Jaipur
1.85,Mumbai
35.67,Coimbatore
8.15,Pune
10.5,Mumbai
9.65,Mumbai
3.48,Kochi
6.92,Kochi
6.46,Coimbatore
29.5,Delhi
2.0,Jaipur
4.5,Chennai
11.75,Hyderabad
1.3,Hyderabad
3.75,Jaipur
4.5,Pune
4.82,Kochi
2.8,Hyderabad
3.11,Jaipur
3.25,Delhi
13.9,Delhi
2.25,Pune
5.75,Bangalore
2.1,Hyderabad
5.0,Mumbai
16.5,Delhi
39.58,Coimbatore
5.5,Delhi
8.1,Delhi
3.5,Kolkata
2.79,Kolkata
3.45,Ahmedabad
4.45,Bangalore
2.65,Delhi
3.8,Pune
4.65,Mumbai
3.95,Pune
9.8,Kolkata
2.7,Pune
2.41,Coimbatore
3.9,Ahmedabad
24.0,Hyderabad
5.75,Delhi
5.25,Kolkata
19.25,Mumbai
3.91,Coimbatore
2.15,Bangalore
20.75,Mumbai
3.35,Delhi
11.11,Ahmedabad
20.0,Bangalore
6.55,Coimbatore
7.0,Mumbai
7.5,Mumbai
0.85,Mumbai
16.75,Pune
10.95,Kolkata
2.45,Pune
3.23,Coimbatore
7.75,Kolkata
9.35,Kolkata
3.25,Pune
5.25,Bangalore
7.25,Pune
7.47,Kochi
13.25,Jaipur
5.81,Coimbatore
2.6,Hyderabad
54.0,Kolkata
11.5,Kochi
1.6,Chennai
17.22,Coimbatore
6.0,Mumbai
3.95,Delhi
17.95,Kochi
3.7,Kolkata
5.43,Kochi
1.67,Kochi
13.49,Coimbatore
2.85,Pune
4.75,Chennai
9.9,Kochi
37.0,Mumbai
26.5,Mumbai
23.32,Coimbatore
6.25,Chennai
9.86,Coimbatore
8.5,Pune
4.23,Kochi
3.5,Jaipur
2.5,Kolkata
2.39,Kolkata
11.25,Delhi
7.11,Kochi
10.9,Ahmedabad
6.2,Ahmedabad
7.9,Mumbai
4.42,Kochi
13.5,Mumbai
6.25,Chennai
2.1,Jaipur
45.0,Mumbai
33.66,Coimbatore
3.65,Bangalore
2.75,Delhi
42.5,Bangalore
6.5,Kolkata
19.0,Mumbai
4.45,Mumbai
23.0,Jaipur
8.35,Bangalore
22.95,Mumbai
1.5,Jaipur
6.89,Kochi
1.45,Chennai
33.5,Hyderabad
1.25,Jaipur
4.2,Hyderabad
6.75,Mumbai
32.0,Bangalore
7.5,Kochi
4.6,Delhi
4.04,Kochi
10.31,Kochi
55.76,Coimbatore
2.6,Chennai
8.5,Mumbai
2.95,Ahmedabad
3.5,Kolkata
3.55,Jaipur
3.25,Kolkata
4.5,Hyderabad
5.35,Delhi
6.5,Chennai
9.0,Mumbai
6.0,Kochi
2.75,Jaipur
1.5,Pune
19.9,Delhi
10.0,Mumbai
3.0,Delhi
2.11,Kolkata
11.96,Kochi
3.25,Kolkata
4.75,Jaipur
5.95,Mumbai
8.15,Delhi
4.22,Mumbai
10.5,Kolkata
45.0,Delhi
2.9,Pune
8.9,Mumbai
26.0,Hyderabad
8.22,Coimbatore
3.5,Kolkata
1.25,Chennai
3.7,Hyderabad
39.41,Coimbatore
2.65,Kolkata
8.92,Coimbatore
4.1,Delhi
35.67,Kochi
3.6,Bangalore
0.85,Jaipur
3.32,Kochi
3.6,Mumbai
6.8,Hyderabad
2.5,Kolkata
19.64,Kochi
7.0,Mumbai
3.87,Kolkata
6.27,Kochi
18.12,Kochi
2.65,Mumbai
7.2,Kochi
14.3,Coimbatore
6.9,Chennai
10.75,Mumbai
0.95,Mumbai
8.09,Kochi
18.5,Ahmedabad
4.75,Mumbai
8.45,Chennai
3.5,Kolkata
1.8,Kochi
3.7,Jaipur
7.17,Coimbatore
1.75,Jaipur
21.99,Kochi
18.65,Pune
1.85,Jaipur
5.95,Coimbatore
3.75,Mumbai
3.75,Pune
2.6,Hyderabad
1.75,Hyderabad
2.8,Mumbai
61.29,Coimbatore
18.0,Bangalore
4.35,Hyderabad
13.75,Bangalore
2.0,Pune
10.0,Delhi
1.65,Delhi
45.77,Coimbatore
3.25,Bangalore
12.8,Pune
0.55,Mumbai
7.15,Hyderabad
7.0,Pune
3.75,Pune
8.5,Mumbai
4.35,Jaipur
3.26,Kochi
4.21,Jaipur
70.36,Kochi
2.95,Mumbai
4.28,Kochi
3.57,Jaipur
3.11,Kolkata
5.96,Coimbatore
4.7,Hyderabad
6.9,Ahmedabad
5.25,Pune
28.0,Pune
1.35,Delhi
4.85,Delhi
6.7,Coimbatore
3.1,Hyderabad
18.64,Kochi
2.8,Pune
20.25,Chennai
26.78,Kochi
8.26,Hyderabad
3.89,Mumbai
2.1,Hyderabad
12.69,Mumbai
2.58,Coimbatore
20.77,Kochi
20.26,Delhi
1.5,Chennai
2.5,Kolkata
4.25,Hyderabad
57.0,Hyderabad
44.0,Delhi
3.65,Hyderabad
2.05,Hyderabad
3.13,Kochi
1.5,Hyderabad
2.85,Pune
2.65,Delhi
10.6,Hyderabad
1.25,Pune
8.25,Mumbai
4.45,Mumbai
3.7,Kolkata
2.8,Hyderabad
1.8,Kolkata
21.95,Kochi
49.0,Mumbai
62.67,Coimbatore
1.4,Pune
5.5,Pune
2.95,Bangalore
6.86,Kochi
6.15,Hyderabad
3.3,Pune
2.55,Kolkata
1.5,Ahmedabad
2.5,Chennai
1.4,Chennai
3.4,Pune
2.25,Pune
2.8,Kolkata
7.66,Coimbatore
7.15,Chennai
3.5,Delhi
3.5,Hyderabad
3.45,Kolkata
3.55,Coimbatore
25.99,Kochi
5.25,Bangalore
2.9,Ahmedabad
2.05,Jaipur
3.75,Pune
6.75,Mumbai
0.95,Kolkata
52.0,Hyderabad
3.91,Jaipur
27.3,Kochi
3.5,Delhi
6.2,Mumbai
2.75,Chennai
3.25,Mumbai
3.25,Pune
0.65,Kolkata
35.0,Pune
3.25,Kolkata
2.9,Kolkata
2.9,Bangalore
17.75,Bangalore
8.25,Mumbai
5.77,Coimbatore
9.49,Hyderabad
12.95,Mumbai
20.0,Chennai
1.0,Chennai
7.1,Chennai
16.5,Mumbai
26.0,Chennai
3.2,Hyderabad
9.48,Kochi
4.0,Kochi
26.5,Jaipur
11.77,Kochi
37.0,Bangalore
8.75,Mumbai
1.95,Hyderabad
3.75,Chennai
2.5,Pune
34.5,Mumbai
4.65,Delhi
32.0,Bangalore
62.81,Coimbatore
3.25,Chennai
3.1,Kolkata
3.91,Coimbatore
11.0,Chennai
3.5,Pune
16.5,Chennai
30.0,Hyderabad
28.0,Pune
28.0,Hyderabad
0.92,Jaipur
2.75,Pune
53.83,Coimbatore
4.95,Pune
33.5,Hyderabad
27.95,Bangalore
7.25,Hyderabad
25.71,Kochi
29.67,Coimbatore
19.0,Jaipur
13.05,Kochi
25.5,Mumbai
8.5,Pune
7.25,Chennai
0.8,Pune
6.9,Jaipur
70.99,Coimbatore
2.25,Kolkata
5.5,Kochi
4.35,Mumbai
2.25,Kolkata
24.5,Mumbai
5.45,Hyderabad
12.03,Coimbatore
8.5,Mumbai
28.5,Mumbai
1.2,Pune
5.75,Bangalore
3.2,Delhi
9.89,Coimbatore
6.58,Coimbatore
4.06,Kochi
13.37,Coimbatore
25.82,Coimbatore
3.74,Kochi
22.0,Bangalore
1.45,Ahmedabad
2.0,Kolkata
4.7,Kochi
3.75,Kolkata
7.7,Coimbatore
3.35,Coimbatore
2.6,Hyderabad
13.77,Coimbatore
7.1,Mumbai
2.65,Pune
2.5,Hyderabad
7.53,Kochi
7.98,Coimbatore
39.0,Bangalore
2.25,Chennai
3.85,Chennai
13.5,Hyderabad
3.5,Hyderabad
8.92,Delhi
20.37,Coimbatore
36.5,Bangalore
48.91,Coimbatore
7.2,Pune
5.99,Hyderabad
5.25,Pune
6.5,Delhi
4.4,Hyderabad
4.6,Kolkata
2.95,Ahmedabad
3.26,Kolkata
2.22,Bangalore
10.5,Hyderabad
8.26,Coimbatore
14.45,Delhi
2.5,Chennai
51.43,Kochi
23.0,Chennai
5.5,Kolkata
4.5,Delhi
6.8,Hyderabad
8.75,Mumbai
7.0,Mumbai
33.5,Delhi
2.25,Chennai
4.24,Hyderabad
28.42,Coimbatore
2.75,Kolkata
3.0,Jaipur
3.55,Pune
4.8,Kolkata
13.5,Kolkata
56.0,Pune
3.99,Hyderabad
15.5,Bangalore
2.32,Jaipur
18.58,Kochi
5.5,Jaipur
3.2,Chennai
4.0,Pune
1.6,Chennai
4.15,Kochi
4.25,Mumbai
2.6,Ahmedabad
3.43,Mumbai
2.55,Kochi
32.0,Delhi
6.25,Mumbai
3.6,Hyderabad
18.5,Pune
4.25,Mumbai
4.8,Mumbai
13.0,Bangalore
2.25,Pune
2.3,Hyderabad
13.56,Kochi
12.25,Delhi
3.76,Pune
8.58,Coimbatore
27.5,Hyderabad
4.95,Coimbatore
3.3,Ahmedabad
8.0,Chennai
2.79,Jaipur
45.64,Coimbatore
2.55,Pune
1.0,Ahmedabad
37.56,Coimbatore
9.29,Kochi
6.37,Kochi
2.98,Coimbatore
5.75,Kochi
13.0,Hyderabad
6.8,Mumbai
10.49,Coimbatore
5.6,Jaipur
2.85,Mumbai
8.36,Coimbatore
1.0,Jaipur
10.75,Kolkata
3.85,Hyderabad
3.0,Hyderabad
9.6,Coimbatore
13.25,Delhi
5.75,Mumbai
6.75,Delhi
4.85,Bangalore
38.99,Kochi
2.85,Mumbai
9.51,Mumbai
18.5,Ahmedabad
6.75,Delhi
29.4,Coimbatore
3.29,Kochi
9.5,Delhi
2.2,Pune
6.5,Pune
4.9,Ahmedabad
6.75,Pune
3.8,Chennai
29.5,Delhi
10.5,Hyderabad
6.2,Hyderabad
5.0,Jaipur
2.3,Chennai
17.0,Ahmedabad
25.5,Bangalore
5.65,Jaipur
5.6,Kochi
29.98,Kochi
7.39,Coimbatore
19.0,Jaipur
5.0,Pune
3.35,Kolkata
4.45,Chennai
8.31,Coimbatore
6.0,Jaipur
5.25,Chennai
1.4,Chennai
12.3,Hyderabad
1.5,Chennai
8.12,Coimbatore
6.12,Coimbatore
10.88,Coimbatore
3.5,Kolkata
6.15,Kochi
33.0,Chennai
13.5,Mumbai
17.11,Mumbai
29.77,Kochi
5.95,Kolkata
5.75,Bangalore
19.0,Bangalore
4.75,Ahmedabad
3.3,Hyderabad
16.5,Delhi
44.0,Mumbai
4.39,Hyderabad
6.2,Kochi
24.22,Kochi
5.45,Mumbai
44.0,Delhi
24.82,Coimbatore
11.69,Mumbai
20.0,Bangalore
1.45,Pune
48.5,Mumbai
9.45,Mumbai
12.5,Ahmedabad
6.9,Hyderabad
5.8,Jaipur
44.56,Coimbatore
8.5,Bangalore
10.7,Coimbatore
12.0,Pune
2.44,Coimbatore
1.95,Kolkata
4.35,Mumbai
17.5,Hyderabad
2.9,Hyderabad
2.9,Delhi
8.9,Pune
16.75,Mumbai
3.95,Coimbatore
2.1,Mumbai
4.29,Kochi
3.85,Hyderabad
9.0,Chennai
4.5,Pune
12.46,Kochi
4.65,Delhi
20.5,Hyderabad
2.9,Chennai
1.45,Chennai
0.65,Chennai
29.5,Mumbai
25.0,Hyderabad
3.5,Delhi
11.25,Jaipur
10.79,Kochi
5.9,Kolkata
5.12,Jaipur
5.7,Mumbai
35.84,Coimbatore
1.25,Hyderabad
2.65,Kolkata
9.19,Coimbatore
23.5,Bangalore
12.5,Delhi
1.5,Kolkata
0.8,Jaipur
0.75,Jaipur
8.1,Delhi
9.75,Jaipur
37.93,Coimbatore
1.96,Chennai
20.5,Jaipur
2.75,Bangalore
75.0,Mumbai
2.8,Chennai
9.25,Mumbai
3.0,Chennai
23.89,Coimbatore
12.75,Mumbai
4.15,Jaipur
4.65,Mumbai
8.9,Delhi
1.5,Jaipur
3.27,Pune
18.0,Pune
6.3,Pune
11.31,Coimbatore
6.16,Pune
6.0,Pune
5.43,Kochi
4.65,Hyderabad
7.5,Hyderabad
6.25,Jaipur
9.25,Bangalore
3.15,Mumbai
2.3,Hyderabad
5.25,Jaipur
7.4,Kochi
1.55,Pune
6.0,Pune
5.9,Chennai
4.7,Bangalore
6.5,Hyderabad
3.55,Hyderabad
7.1,Chennai
6.0,Hyderabad
7.99,Pune
4.1,Bangalore
3.95,Hyderabad
4.38,Kochi
2.75,Mumbai
55.54,Coimbatore
29.0,Hyderabad
6.6,Bangalore
6.99,Kolkata
18.75,Bangalore
1.28,Jaipur
1.2,Pune
4.31,Coimbatore
16.5,Chennai
5.64,Coimbatore
31.12,Coimbatore
25.46,Kochi
7.88,Kochi
36.0,Chennai
30.0,Pune
2.85,Pune
3.5,Delhi
7.5,Jaipur
19.0,Hyderabad
54.0,Hyderabad
4.7,Kochi
8.5,Hyderabad
17.0,Kolkata
3.51,Kochi
19.5,Bangalore
17.0,Pune
43.35,Coimbatore
2.65,Bangalore
3.52,Kochi
6.25,Kolkata
24.75,Ahmedabad
5.25,Mumbai
11.0,Jaipur
9.1,Kochi
3.25,Chennai
8.5,Pune
3.1,Pune
19.86,Kochi
4.9,Kolkata
5.7,Delhi
1.75,Chennai
2.9,Kolkata
7.83,Coimbatore
8.15,Kochi
2.0,Bangalore
6.25,Hyderabad
3.4,Bangalore
3.19,Coimbatore
7.75,Ahmedabad
3.2,Delhi
4.9,Delhi
3.8,Kochi
4.0,Chennai
23.5,Hyderabad
1.15,Chennai
2.2,Hyderabad
26.5,Mumbai
10.65,Bangalore
35.68,Coimbatore
31.94,Kochi
4.2,Chennai
9.9,Ahmedabad
15.46,Kochi
8.46,Kochi
3.25,Kolkata
2.6,Hyderabad
5.2,Coimbatore
1.8,Pune
1.6,Chennai
2.5,Kolkata
2.5,Jaipur
6.7,Coimbatore
1.2,Hyderabad
35.55,Coimbatore
7.75,Jaipur
1.94,Chennai
2.2,Hyderabad
3.8,Ahmedabad
15.65,Chennai
39.47,Coimbatore
1.5,Kolkata
8.85,Ahmedabad
17.9,Bangalore
5.08,Coimbatore
6.25,Bangalore
22.75,Bangalore
1.46,Kolkata
2.05,Pune
4.08,Coimbatore
4.55,Hyderabad
14.0,Mumbai
10.9,Ahmedabad
2.45,Bangalore
15.8,Delhi
8.25,Mumbai
8.5,Delhi
15.54,Coimbatore
2.35,Hyderabad
4.32,Coimbatore
3.9,Jaipur
5.2,Hyderabad
5.85,Mumbai
6.25,Bangalore
17.63,Coimbatore
9.75,Mumbai
55.0,Bangalore
4.1,Hyderabad
11.99,Hyderabad
13.54,Kochi
56.0,Mumbai
6.5,Chennai
4.75,Pune
5.6,Hyderabad
29.2,Coimbatore
6.35,Kolkata
4.95,Mumbai
8.5,Hyderabad
4.5,Kolkata
5.5,Chennai
6.56,Kochi
2.3,Pune
3.5,Pune
4.55,Kochi
7.75,Bangalore
5.25,Mumbai
23.29,Coimbatore
23.99,Mumbai
1.79,Pune
13.9,Mumbai
18.95,Kolkata
2.49,Kolkata
3.15,Jaipur
6.45,Mumbai
4.25,Ahmedabad
2.75,Hyderabad
7.14,Kochi
2.44,Mumbai
3.5,Jaipur
7.3,Chennai
2.75,Kolkata
8.2,Bangalore
6.51,Mumbai
4.25,Pune
6.21,Coimbatore
4.58,Kochi
7.5,Chennai
2.1,Delhi
4.09,Coimbatore
10.75,Mumbai
41.5,Mumbai
4.4,Hyderabad
6.25,Jaipur
10.5,Pune
7.25,Mumbai
3.2,Hyderabad
3.95,Mumbai
12.07,Coimbatore
18.6,Pune
5.7,Delhi
1.75,Kolkata
10.99,Delhi
14.5,Kolkata
3.11,Jaipur
13.96,Coimbatore
7.11,Coimbatore
6.9,Chennai
7.77,Coimbatore
5.5,Kolkata
5.35,Hyderabad
4.5,Chennai
4.75,Jaipur
32.8,Coimbatore
0.7,Mumbai
50.29,Coimbatore
10.99,Mumbai
5.57,Coimbatore
5.9,Jaipur
9.43,Coimbatore
2.9,Bangalore
3.68,Delhi
21.67,Coimbatore
12.5,Ahmedabad
19.92,Kochi
6.75,Jaipur
6.96,Kochi
3.25,Jaipur
8.65,Hyderabad
5.0,Pune
5.5,Delhi
2.6,Jaipur
3.41,Kochi
2.7,Kolkata
5.5,Chennai
35.0,Kolkata
9.75,Mumbai
4.25,Mumbai
3.2,Ahmedabad
6.85,Bangalore
4.5,Delhi
3.55,Delhi
1.9,Hyderabad
3.6,Hyderabad
21.8,Kochi
13.5,Mumbai
2.66,Bangalore
3.75,Delhi
32.0,Pune
8.07,Coimbatore
5.64,Kochi
23.99,Hyderabad
7.5,Coimbatore
27.0,Jaipur
2.85,Mumbai
6.35,Pune
3.3,Hyderabad
5.0,Bangalore
6.46,Coimbatore
3.75,Jaipur
1.52,Kochi
3.61,Coimbatore
43.74,Coimbatore
20.0,Chennai
3.0,Pune
3.65,Hyderabad
5.25,Mumbai
58.0,Hyderabad
8.65,Mumbai
2.5,Delhi
7.75,Chennai
4.15,Bangalore
10.85,Delhi
5.53,Delhi
11.5,Pune
40.0,Hyderabad
9.25,Kolkata
2.29,Pune
7.0,Chennai
1.65,Bangalore
8.25,Ahmedabad
9.14,Kochi
6.5,Hyderabad
2.95,Kolkata
5.75,Jaipur
2.85,Hyderabad
2.1,Kolkata
13.55,Coimbatore
20.5,Kolkata
20.0,Mumbai
59.72,Kochi
6.5,Kolkata
7.5,Ahmedabad
2.15,Jaipur
8.44,Coimbatore
12.49,Bangalore
5.48,Pune
4.2,Hyderabad
7.2,Hyderabad
4.8,Jaipur
5.83,Kochi
18.39,Coimbatore
5.85,Pune
6.21,Mumbai
3.65,Delhi
3.7,Delhi
30.0,Pune
4.85,Kochi
6.93,Coimbatore
2.6,Kolkata
1.89,Kolkata
39.5,Mumbai
10.0,Mumbai
9.95,Kolkata
9.45,Mumbai
28.25,Coimbatore
1.8,Jaipur
1.4,Kolkata
7.25,Ahmedabad
3.6,Hyderabad
1.2,Jaipur
4.94,Coimbatore
1.25,Delhi
4.8,Chennai
31.15,Kochi
3.3,Pune
2.4,Bangalore
2.0,Kolkata
3.1,Pune
5.09,Kochi
1.05,Pune
7.0,Bangalore
2.5,Ahmedabad
17.5,Mumbai
2.1,Chennai
17.75,Bangalore
1.45,Mumbai
2.45,Bangalore
13.8,Pune
5.85,Kolkata
8.9,Delhi
5.15,Mumbai
16.56,Kochi
1.65,Chennai
16.0,Pune
1.45,Pune
8.08,Coimbatore
4.5,Pune
4.3,Chennai
2.6,Hyderabad
4.45,Hyderabad
5.37,Coimbatore
1.75,Chennai
16.5,Kolkata
19.0,Delhi
2.8,Jaipur
6.2,Hyderabad
3.8,Kochi
6.1,Hyderabad
11.65,Coimbatore
4.15,Mumbai
16.5,Chennai
4.3,Bangalore
2.25,Kolkata
6.75,Ahmedabad
9.4,Chennai
5.39,Coimbatore
8.51,Kochi
1.85,Pune
2.5,Kolkata
4.75,Chennai
3.5,Pune
5.5,Bangalore
6.33,Coimbatore
2.47,Kochi
3.3,Kochi
3.5,Delhi
38.75,Delhi
7.99,Pune
13.28,Kochi
9.5,Pune
14.01,Kochi
6.99,Coimbatore
11.0,Hyderabad
11.0,Hyderabad
2.3,Pune
26.5,Delhi
67.0,Bangalore
17.75,Mumbai
4.8,Delhi
4.57,Coimbatore
3.5,Chennai
7.61,Kochi
25.0,Hyderabad
5.88,Coimbatore
13.5,Hyderabad
4.6,Kolkata
4.9,Kolkata
5.25,Hyderabad
12.41,Coimbatore
3.8,Kolkata
8.95,Mumbai
7.2,Hyderabad
4.5,Hyderabad
4.15,Delhi
7.94,Coimbatore
7.25,Pune
3.7,Delhi
2.45,Hyderabad
1.5,Chennai
12.0,Delhi
2.2,Delhi
3.6,Hyderabad
1.92,Kolkata
20.5,Bangalore
4.25,Jaipur
3.2,Kolkata
2.6,Pune
3.85,Kolkata
3.48,Kochi
4.55,Hyderabad
7.0,Pune
5.75,Ahmedabad
8.73,Kochi
1.7,Hyderabad
29.5,Hyderabad
10.49,Kochi
64.0,Kolkata
7.55,Pune
3.95,Mumbai
3.25,Bangalore
2.75,Mumbai
7.35,Kolkata
4.7,Ahmedabad
8.77,Kochi
3.42,Kochi
2.5,Kolkata
20.0,Kolkata
5.25,Mumbai
14.5,Delhi
3.45,Mumbai
3.3,Pune
51.0,Bangalore
6.5,Kolkata
3.65,Hyderabad
7.25,Chennai
6.01,Kochi
2.8,Kolkata
4.0,Chennai
5.95,Delhi
9.2,Chennai
5.35,Pune
12.0,Delhi
38.94,Coimbatore
2.69,Coimbatore
27.5,Bangalore
2.75,Kolkata
2.8,Mumbai
6.45,Mumbai
5.88,Coimbatore
4.65,Pune
2.5,Jaipur
51.35,Kochi
6.85,Hyderabad
5.25,Chennai
9.23,Coimbatore
22.0,Ahmedabad
5.19,Hyderabad
4.35,Pune
24.5,Hyderabad
5.75,Pune
9.19,Kochi
10.75,Pune
2.99,Bangalore
3.89,Kolkata
11.73,Coimbatore
3.11,Coimbatore
14.45,Jaipur
8.7,Ahmedabad
5.04,Kochi
8.5,Jaipur
15.65,Delhi
5.65,Mumbai
16.5,Bangalore
2.0,Ahmedabad
3.9,Pune
14.5,Jaipur
44.0,Bangalore
5.0,Delhi
19.75,Hyderabad
11.44,Coimbatore
1.75,Chennai
5.6,Bangalore
30.42,Kochi
9.57,Coimbatore
3.5,Mumbai
10.46,Coimbatore
4.85,Pune
5.68,Kochi
13.25,Mumbai
16.0,Bangalore
3.0,Chennai
0.99,Kolkata
5.0,Mumbai
4.75,Delhi
5.35,Bangalore
5.98,Hyderabad
3.5,Chennai
4.77,Kochi
5.45,Delhi
6.85,Ahmedabad
7.3,Jaipur
1.25,Pune
8.25,Chennai
2.71,Ahmedabad
3.6,Kolkata
3.0,Ahmedabad
4.65,Hyderabad
9.5,Mumbai
2.95,Mumbai
3.0,Mumbai
5.95,Hyderabad
4.0,Delhi
2.5,Delhi
11.37,Kolkata
2.25,Pune
3.1,Jaipur
17.18,Kochi
6.5,Jaipur
5.7,Ahmedabad
8.0,Ahmedabad
2.6,Chennai
2.45,Hyderabad
11.57,Kochi
2.3,Kolkata
5.9,Jaipur
7.2,Mumbai
5.9,Ahmedabad
6.0,Chennai
1.95,Kolkata
6.55,Coimbatore
25.0,Hyderabad
2.65,Kolkata
69.5,Mumbai
14.0,Chennai
2.1,Pune
20.4,Hyderabad
5.68,Hyderabad
5.55,Mumbai
12.75,Mumbai
3.35,Mumbai
1.55,Kolkata
5.9,Coimbatore
18.98,Hyderabad
11.51,Mumbai
7.75,Mumbai
13.9,Chennai
1.35,Kolkata
38.0,Mumbai
11.6,Mumbai
12.25,Hyderabad
3.8,Jaipur
3.25,Mumbai
6.4,Mumbai
3.95,Bangalore
3.57,Delhi
1.25,Mumbai
3.65,Pune
12.5,Kolkata
23.0,Ahmedabad
1.35,Chennai
6.32,Coimbatore
3.4,Kolkata
0.77,Jaipur
0.9,Jaipur
18.0,Delhi
19.0,Pune
1.1,Chennai
2.0,Pune
6.5,Ahmedabad
9.45,Bangalore
4.0,Mumbai
32.25,Kochi
2.1,Pune
9.75,Mumbai
6.3,Kolkata
21.0,Hyderabad
4.65,Mumbai
17.0,Mumbai
4.35,Pune
14.82,Coimbatore
40.0,Delhi
6.15,Chennai
11.25,Ahmedabad
32.0,Pune
45.62,Coimbatore
6.24,Kochi
4.8,Chennai
4.5,Chennai
3.87,Kochi
2.75,Delhi
6.57,Kochi
2.0,Jaipur
3.65,Ahmedabad
6.95,Hyderabad
5.5,Bangalore
7.0,Kolkata
24.0,Delhi
11.0,Bangalore
32.5,Bangalore
6.45,Kochi
15.75,Mumbai
5.5,Mumbai
19.03,Kochi
15.25,Kolkata
2.4,Hyderabad
2.3,Chennai
14.35,Kochi
3.5,Mumbai
11.97,Kochi
1.6,Jaipur
18.9,Ahmedabad
5.4,Ahmedabad
2.95,Hyderabad
5.1,Bangalore
1.5,Jaipur
4.9,Bangalore
2.9,Mumbai
1.15,Pune
2.3,Kolkata
5.99,Kochi
3.4,Pune
1.7,Kolkata
1.99,Kolkata
2.5,Pune
4.85,Hyderabad
2.65,Hyderabad
27.35,Kochi
6.9,Jaipur
3.5,Hyderabad
12.5,Delhi
9.2,Delhi
4.9,Mumbai
3.2,Delhi
5.55,Kochi
13.5,Ahmedabad
2.6,Kolkata
4.5,Jaipur
34.0,Delhi
12.0,Hyderabad
5.25,Mumbai
21.56,Kochi
24.68,Coimbatore
3.67,Delhi
29.5,Mumbai
3.1,Delhi
2.9,Ahmedabad
43.0,Bangalore
15.95,Mumbai
4.5,Hyderabad
3.49,Delhi
4.25,Delhi
1.9,Chennai
16.57,Mumbai
5.75,Bangalore
14.0,Delhi
2.5,Jaipur
1.2,Ahmedabad
0.85,Pune
13.95,Kochi
1.6,Chennai
3.6,Coimbatore
4.5,Mumbai
6.06,Coimbatore
5.29,Coimbatore
5.75,Jaipur
5.8,Hyderabad
5.72,Coimbatore
4.39,Kochi
11.05,Coimbatore
4.83,Delhi
2.96,Pune
4.5,Chennai
19.5,Mumbai
8.75,Mumbai
67.0,Mumbai
8.4,Kochi
4.99,Mumbai
8.18,Coimbatore
2.9,Pune
7.1,Jaipur
7.05,Pune
17.5,Pune
3.41,Mumbai
1.3,Pune
5.68,Coimbatore
4.1,Bangalore
4.0,Delhi
30.0,Hyderabad
1.8,Chennai
6.93,Kochi
70.0,Bangalore
7.9,Ahmedabad
2.78,Kochi
14.4,Chennai
13.5,Mumbai
3.15,Mumbai
2.88,Coimbatore
2.15,Kolkata
3.75,Pune
3.6,Mumbai
3.6,Kolkata
7.55,Coimbatore
4.7,Kolkata
1.6,Jaipur
3.34,Pune
9.1,Kochi
6.17,Kochi
2.5,Hyderabad
3.0,Kolkata
5.75,Jaipur
10.75,Bangalore
2.85,Jaipur
6.5,Chennai
9.45,Bangalore
6.75,Delhi
7.75,Coimbatore
4.4,Kochi
42.0,Jaipur
5.67,Kochi
11.5,Bangalore
1.69,Pune
1.8,Jaipur
3.2,Mumbai
1.5,Pune
45.86,Kochi
5.1,Hyderabad
4.85,Pune
2.4,Mumbai
22.0,Hyderabad
4.28,Delhi
5.67,Coimbatore
6.2,Bangalore
14.49,Bangalore
3.0,Pune
2.25,Jaipur
43.78,Kochi
11.45,Kochi
10.5,Delhi
7.48,Coimbatore
3.1,Coimbatore
2.55,Mumbai
3.5,Jaipur
2.59,Kolkata
5.45,Kolkata
6.0,Kolkata
15.49,Kolkata
12.5,Mumbai
4.75,Kolkata
7.85,Mumbai
6.0,Ahmedabad
4.0,Mumbai
28.75,Mumbai
2.5,Pune
5.5,Delhi
1.59,Kolkata
6.22,Mumbai
2.75,Kolkata
1.35,Chennai
25.0,Pune
2.8,Delhi
2.45,Mumbai
6.35,Pune
8.0,Mumbai
8.25,Bangalore
5.95,Mumbai
19.92,Kochi
3.15,Kochi
5.75,Chennai
32.44,Kochi
8.01,Kochi
6.48,Coimbatore
0.75,Jaipur
5.0,Kolkata
7.75,Mumbai
2.6,Chennai
9.2,Pune
5.05,Mumbai
9.6,Hyderabad
5.5,Mumbai
9.35,Mumbai
2.6,Delhi
3.5,Hyderabad
4.26,Kochi
4.25,Chennai
11.75,Hyderabad
3.5,Chennai
7.5,Jaipur
3.25,Chennai
4.9,Chennai
27.0,Hyderabad
8.91,Kochi
6.69,Kochi
6.02,Kochi
4.5,Mumbai
2.0,Pune
2.4,Kolkata
1.2,Pune
2.9,Delhi
40.88,Coimbatore
27.0,Ahmedabad
7.5,Chennai
1.5,Mumbai
39.5,Hyderabad
3.39,Hyderabad
12.4,Kochi
6.85,Chennai
5.75,Pune
2.0,Chennai
0.9,Jaipur
3.8,Kolkata
16.35,Delhi
16.5,Hyderabad
8.7,Coimbatore
6.1,Mumbai
21.94,Hyderabad
22.0,Chennai
2.65,Delhi
5.27,Kochi
2.48,Kolkata
6.0,Kolkata
8.9,Mumbai
18.0,Hyderabad
11.64,Coimbatore
8.99,Kolkata
5.25,Bangalore
2.95,Kolkata
2.65,Mumbai
4.0,Pune
12.5,Chennai
3.25,Mumbai
4.0,Delhi
6.25,Delhi
5.8,Jaipur
5.0,Kolkata
58.73,Kochi
17.49,Kochi
1.95,Pune
3.0,Mumbai
5.5,Delhi
16.5,Delhi
14.5,Mumbai
7.79,Hyderabad
8.27,Kochi
2.15,Mumbai
3.0,Hyderabad
28.79,Coimbatore
5.45,Mumbai
3.95,Delhi
16.0,Pune
4.25,Delhi
34.5,Bangalore
2.6,Mumbai
13.48,Kochi
32.1,Hyderabad
6.17,Kochi
5.5,Kolkata
9.15,Hyderabad
4.5,Pune
10.5,Chennai
5.37,Coimbatore
5.45,Bangalore
9.25,Mumbai
7.7,Chennai
7.99,Hyderabad
3.0,Chennai
4.0,Hyderabad
6.69,Coimbatore
4.25,Delhi
10.5,Kolkata
22.55,Coimbatore
5.2,Pune
11.87,Coimbatore
6.99,Hyderabad
5.0,Jaipur
44.0,Chennai
2.79,Chennai
2.9,Pune
9.85,Delhi
49.0,Bangalore
9.25,Jaipur
3.75,Mumbai
7.29,Coimbatore
23.5,Mumbai
2.6,Hyderabad
3.1,Pune
29.98,Coimbatore
6.73,Kochi
3.5,Kolkata
2.35,Kolkata
16.13,Coimbatore
5.9,Coimbatore
3.9,Hyderabad
1.5,Pune
6.95,Delhi
7.0,Delhi
7.23,Coimbatore
3.81,Mumbai
4.5,Chennai
12.6,Pune
48.0,Bangalore
2.96,Coimbatore
3.25,Kolkata
8.5,Chennai
8.75,Mumbai
3.08,Kochi
41.5,Mumbai
7.0,Pune
11.5,Kochi
2.6,Pune
4.3,Kolkata
8.35,Mumbai
24.9,Jaipur
13.75,Pune
3.85,Kolkata
23.25,Mumbai
7.0,Chennai
5.75,Bangalore
1.65,Mumbai
6.5,Mumbai
7.5,Chennai
72.94,Kochi
11.0,Chennai
3.02,Kochi
3.32,Coimbatore
3.24,Delhi
2.35,Kolkata
5.5,Jaipur
6.75,Mumbai
6.15,Mumbai
5.45,Pune
2.3,Hyderabad
6.21,Kochi
5.21,Coimbatore
11.99,Delhi
3.1,Pune
7.5,Jaipur
4.0,Kolkata
7.73,Kochi
7.8,Bangalore
1.3,Hyderabad
4.42,Jaipur
4.0,Pune
13.0,Kolkata
5.38,Kochi
3.25,Chennai
3.87,Jaipur
8.25,Mumbai
9.28,Mumbai
6.25,Delhi
1.15,Mumbai
7.8,Kochi
4.5,Hyderabad
7.56,Kochi
16.08,Coimbatore
4.5,Bangalore
5.0,Chennai
2.2,Delhi
4.0,Bangalore
2.51,Kolkata
4.75,Delhi
2.0,Pune
2.1,Jaipur
6.25,Mumbai
10.6,Kochi
6.0,Ahmedabad
0.45,Jaipur
2.5,Pune
12.75,Mumbai
30.29,Kochi
1.6,Hyderabad
7.54,Kochi
6.84,Kochi
6.0,Kolkata
8.0,Pune
24.74,Coimbatore
5.5,Kochi
36.0,Delhi
11.79,Coimbatore
3.0,Jaipur
6.75,Bangalore
1.4,Jaipur
5.75,Mumbai
3.4,Hyderabad
4.89,Coimbatore
4.95,Mumbai
3.49,Coimbatore
3.85,Pune
6.35,Pune
7.08,Coimbatore
38.0,Hyderabad
6.25,Kolkata
10.15,Mumbai
10.75,Delhi
4.65,Pune
4.75,Delhi
7.78,Coimbatore
6.75,Hyderabad
2.99,Hyderabad
2.35,Kolkata
3.65,Delhi
2.74,Delhi
3.5,Jaipur
4.76,Kochi
6.2,Kochi
2.35,Pune
24.5,Mumbai
6.0,Pune
3.65,Hyderabad
6.26,Coimbatore
2.1,Jaipur
32.95,Mumbai
7.8,Coimbatore
4.25,Bangalore
4.86,Kochi
4.9,Delhi
7.06,Coimbatore
4.5,Delhi
3.22,Coimbatore
3.25,Kolkata
4.53,Delhi
34.78,Coimbatore
6.5,Pune
2.25,Chennai
8.0,Pune
8.37,Kochi
5.39,Coimbatore
37.3,Kochi
70.8,Coimbatore
22.25,Mumbai
6.03,Kochi
4.9,Mumbai
3.96,Chennai
4.6,Hyderabad
5.5,Mumbai
3.25,Mumbai
6.25,Jaipur
3.0,Pune
4.25,Chennai
12.25,Pune
10.95,Pune
16.5,Delhi
7.8,Pune
3.7,Kochi
4.0,Hyderabad
26.75,Mumbai
28.03,Coimbatore
5.44,Kochi
6.2,Delhi
0.9,Kolkata
3.95,Mumbai
0.44,Pune
2.75,Ahmedabad
7.5,Hyderabad
2.5,Chennai
5.0,Hyderabad
3.6,Hyderabad
3.99,Kochi
5.64,Coimbatore
12.0,Pune
0.7,Kolkata
19.0,Mumbai
30.48,Delhi
8.2,Mumbai
7.55,Kolkata
0.99,Pune
4.15,Delhi
6.2,Chennai
4.4,Kolkata
2.1,Kolkata
2.2,Jaipur
8.34,Coimbatore
4.35,Kolkata
6.8,Hyderabad
3.3,Jaipur
5.04,Kochi
9.2,Hyderabad
5.7,Hyderabad
8.48,Kochi
48.0,Hyderabad
6.1,Hyderabad
2.75,Ahmedabad
8.0,Pune
1.85,Jaipur
3.85,Jaipur
4.74,Coimbatore
5.63,Kochi
2.62,Kochi
4.9,Kochi
2.65,Chennai
5.99,Delhi
2.4,Chennai
4.25,Delhi
40.0,Mumbai
2.7,Pune
2.99,Hyderabad
3.4,Chennai
30.8,Coimbatore
5.85,Mumbai
4.0,Jaipur
14.12,Coimbatore
4.55,Mumbai
38.0,Pune
2.9,Jaipur
6.0,Pune
6.95,Kochi
2.75,Kolkata
5.1,Pune
6.75,Chennai
3.69,Mumbai
5.45,Hyderabad
9.29,Kochi
4.0,Chennai
2.9,Kolkata
5.25,Pune
5.75,Mumbai
13.12,Coimbatore
7.83,Kochi
3.15,Mumbai
10.4,Mumbai
4.35,Pune
5.23,Coimbatore
6.01,Coimbatore
4.4,Hyderabad
12.75,Chennai
2.4,Delhi
5.71,Kochi
5.49,Kochi
1.3,Pune
8.5,Kolkata
12.99,Delhi
5.0,Kolkata
9.0,Pune
5.22,Kochi
3.8,Pune
7.27,Coimbatore
5.1,Mumbai
29.0,Bangalore
2.9,Pune
1.38,Kochi
5.5,Bangalore
7.25,Mumbai
6.98,Coimbatore
5.25,Hyderabad
1.95,Kolkata
24.5,Bangalore
8.31,Kochi
36.0,Hyderabad
5.5,Pune
5.89,Kochi
7.95,Kochi
2.75,Mumbai
6.25,Jaipur
4.95,Hyderabad
6.27,Kochi
8.65,Kolkata
3.5,Kolkata
35.0,Hyderabad
4.45,Kolkata
2.65,Kolkata
4.7,Kolkata
8.9,Ahmedabad
17.45,Mumbai
9.58,Coimbatore
6.22,Kochi
7.8,Kolkata
27.75,Mumbai
7.0,Pune
64.87,Coimbatore
6.5,Bangalore
2.7,Jaipur
2.5,Mumbai
3.9,Hyderabad
3.95,Delhi
2.1,Chennai
3.5,Pune
2.0,Hyderabad
5.35,Delhi
3.8,Delhi
17.25,Mumbai
5.53,Kochi
1.95,Pune
8.2,Hyderabad
0.9,Pune
6.5,Pune
19.41,Coimbatore
6.58,Coimbatore
2.1,Mumbai
2.0,Chennai
3.7,Delhi
3.8,Mumbai
3.25,Jaipur
5.53,Coimbatore
10.9,Ahmedabad
5.1,Kolkata
2.2,Hyderabad
1.6,Pune
11.25,Ahmedabad
14.4,Delhi
3.6,Delhi
40.5,Jaipur
38.95,Bangalore
3.6,Delhi
7.12,Kochi
7.52,Kochi
10.35,Delhi
7.0,Hyderabad
10.85,Delhi
2.35,Mumbai
2.9,Mumbai
7.65,Delhi
6.4,Delhi
10.1,Pune
4.25,Kolkata
19.65,Kochi
4.4,Pune
3.25,Jaipur
2.8,Pune
4.3,Kolkata
1.55,Chennai
4.7,Chennai
7.07,Kochi
79.0,Delhi
5.75,Delhi
3.25,Mumbai
8.89,Coimbatore
5.9,Mumbai
4.95,Kolkata
3.75,Delhi
10.97,Kochi
24.94,Kochi
1.97,Kolkata
1.4,Jaipur
7.27,Coimbatore
4.0,Kolkata
4.75,Kolkata
5.1,Delhi
16.11,Coimbatore
10.55,Delhi
30.0,Ahmedabad
1.6,Kolkata
18.49,Hyderabad
9.96,Kochi
4.75,Hyderabad
3.65,Bangalore
15.5,Delhi
11.82,Kochi
2.05,Delhi
3.3,Ahmedabad
2.25,Mumbai
20.12,Kochi
4.95,Chennai
7.48,Coimbatore
5.5,Mumbai
1.7,Jaipur
13.19,Kochi
3.85,Mumbai
5.75,Delhi
9.0,Pune
2.21,Kochi
8.09,Kochi
48.63,Coimbatore
39.47,Coimbatore
22.24,Coimbatore
2.6,Mumbai
12.0,Ahmedabad
18.0,Chennai
9.99,Mumbai
2.45,Kolkata
8.99,Mumbai
3.15,Kolkata
8.2,Jaipur
11.5,Ahmedabad
7.3,Coimbatore
1.59,Chennai
3.15,Delhi
8.5,Kolkata
3.0,Hyderabad
21.0,Mumbai
7.75,Hyderabad
23.0,Mumbai
13.75,Mumbai
8.29,Kochi
5.79,Coimbatore
30.5,Coimbatore
3.8,Mumbai
4.45,Bangalore
3.3,Delhi
1.75,Jaipur
5.5,Bangalore
13.35,Pune
22.5,Delhi
5.25,Delhi
3.75,Hyderabad
6.32,Kochi
7.75,Bangalore
1.37,Chennai
2.1,Mumbai
9.3,Hyderabad
12.0,Ahmedabad
23.5,Pune
1.8,Hyderabad
12.5,Chennai
4.74,Delhi
5.43,Kochi
31.62,Kochi
6.3,Kolkata
8.45,Kochi
5.0,Pune
13.0,Chennai
4.7,Hyderabad
3.3,Pune
1.51,Jaipur
6.09,Kochi
5.95,Mumbai
9.0,Hyderabad
4.25,Kolkata
23.5,Hyderabad
6.35,Mumbai
3.4,Chennai
21.6,Chennai
4.0,Chennai
5.5,Pune
19.25,Mumbai
3.95,Hyderabad
4.25,Mumbai
17.02,Kochi
6.5,Hyderabad
2.95,Bangalore
7.12,Coimbatore
11.25,Chennai
2.75,Delhi
12.0,Hyderabad
3.67,Mumbai
5.0,Pune
2.3,Pune
2.2,Pune
41.0,Pune
28.5,Bangalore
5.49,Mumbai
17.5,Ahmedabad
1.99,Bangalore
6.64,Kochi
16.5,Hyderabad
5.0,Pune
5.4,Mumbai
2.99,Kolkata
4.1,Jaipur
6.76,Kochi
5.5,Chennai
5.99,Coimbatore
2.59,Delhi
26.75,Mumbai
8.5,Pune
23.0,Bangalore
3.35,Pune
10.75,Bangalore
6.29,Kolkata
7.75,Bangalore
13.5,Delhi
3.75,Coimbatore
3.75,Mumbai
1.5,Jaipur
1.45,Chennai
4.12,Coimbatore
17.11,Mumbai
10.25,Pune
2.49,Kolkata
3.85,Pune
6.25,Hyderabad
4.88,Hyderabad
9.45,Mumbai
4.8,Hyderabad
1.99,Kolkata
2.8,Hyderabad
22.0,Bangalore
4.3,Hyderabad
9.75,Coimbatore
5.9,Ahmedabad
14.5,Delhi
2.4,Hyderabad
2.11,Mumbai
7.6,Coimbatore
3.6,Hyderabad
6.0,Jaipur
7.45,Mumbai
2.1,Chennai
5.2,Ahmedabad
6.99,Hyderabad
6.36,Mumbai
11.62,Kochi
43.6,Kochi
4.9,Kolkata
6.7,Kochi
3.05,Mumbai
25.0,Bangalore
19.05,Coimbatore
4.5,Kolkata
4.15,Pune
11.9,Chennai
2.1,Delhi
6.95,Delhi
2.4,Pune
2.65,Chennai
9.0,Jaipur
2.1,Pune
2.5,Pune
8.95,Mumbai
34.0,Hyderabad
3.15,Pune
4.0,Chennai
4.45,Kolkata
1.5,Jaipur
14.5,Jaipur
8.41,Kolkata
5.45,Mumbai
8.9,Mumbai
3.65,Hyderabad
29.0,Bangalore
13.5,Mumbai
5.4,Hyderabad
5.89,Coimbatore
8.45,Hyderabad
4.0,Delhi
45.0,Mumbai
3.94,Mumbai
8.0,Jaipur
4.1,Hyderabad
6.25,Chennai
5.25,Kolkata
83.96,Coimbatore
1.93,Coimbatore
21.0,Hyderabad
4.3,Ahmedabad
5.25,Mumbai
3.9,Kolkata
2.2,Mumbai
3.7,Mumbai
11.27,Coimbatore
2.41,Jaipur
19.0,Pune
5.8,Hyderabad
13.52,Coimbatore
24.5,Hyderabad
3.25,Pune
56.73,Kochi
9.95,Jaipur
5.5,Pune
25.0,Hyderabad
1.0,Kolkata
2.15,Hyderabad
7.89,Kochi
10.25,Delhi
6.0,Mumbai
7.53,Coimbatore
39.45,Coimbatore
5.84,Delhi
8.65,Mumbai
7.74,Kochi
2.5,Bangalore
5.7,Pune
5.8,Mumbai
36.5,Hyderabad
9.5,Delhi
3.48,Coimbatore
4.55,Mumbai
3.9,Jaipur
2.7,Pune
31.0,Pune
10.3,Bangalore
7.75,Kolkata
3.2,Hyderabad
4.85,Delhi
34.08,Kochi
8.1,Chennai
2.35,Chennai
1.8,Pune
3.42,Coimbatore
5.34,Mumbai
31.99,Hyderabad
4.75,Bangalore
6.1,Mumbai
3.69,Coimbatore
15.0,Delhi
14.5,Coimbatore
5.65,Hyderabad
2.5,Kolkata
38.5,Mumbai
5.49,Kolkata
3.55,Kolkata
10.75,Jaipur
11.0,Delhi
4.5,Ahmedabad
8.42,Kochi
11.6,Mumbai
33.63,Kochi
2.25,Pune
12.95,Mumbai
4.25,Hyderabad
25.02,Coimbatore
3.95,Kochi
4.4,Mumbai
4.95,Bangalore
5.5,Pune
3.25,Mumbai
4.02,Kochi
11.73,Coimbatore
9.5,Chennai
8.6,Hyderabad
4.0,Jaipur
5.55,Mumbai
2.5,Hyderabad
41.6,Mumbai
7.41,Delhi
6.5,Mumbai
1.2,Mumbai
23.0,Bangalore
2.74,Kolkata
3.9,Hyderabad
8.0,Ahmedabad
4.0,Chennai
17.75,Mumbai
5.05,Coimbatore
12.0,Mumbai
29.6,Kochi
6.5,Jaipur
4.75,Mumbai
24.36,Coimbatore
3.2,Mumbai
3.6,Kolkata
3.58,Coimbatore
2.5,Delhi
3.5,Ahmedabad
25.0,Delhi
1.75,Mumbai
10.0,Bangalore
7.75,Jaipur
6.45,Hyderabad
10.0,Pune
4.5,Mumbai
3.4,Kolkata
4.5,Mumbai
4.3,Hyderabad
46.0,Pune
3.4,Chennai
14.5,Delhi
2.1,Delhi
3.65,Mumbai
3.0,Kolkata
3.95,Ahmedabad
6.75,Delhi
6.53,Kochi
22.0,Hyderabad
4.75,Pune
5.99,Mumbai
3.05,Jaipur
2.4,Delhi
1.3,Pune
6.71,Kochi
7.2,Ahmedabad
5.4,Chennai
6.63,Kochi
7.5,Mumbai
14.21,Coimbatore
3.0,Kolkata
5.11,Kochi
3.39,Pune
22.99,Hyderabad
2.35,Delhi
2.85,Kolkata
18.5,Delhi
5.99,Bangalore
3.0,Hyderabad
3.6,Jaipur
24.0,Hyderabad
6.26,Coimbatore
13.7,Hyderabad
35.0,Mumbai
5.02,Kochi
3.1,Mumbai
5.5,Bangalore
3.59,Kolkata
4.65,Kolkata
3.8,Bangalore
12.5,Hyderabad
12.9,Hyderabad
2.35,Hyderabad
4.15,Chennai
22.58,Coimbatore
2.65,Ahmedabad
2.25,Delhi
16.0,Hyderabad
19.5,Mumbai
21.0,Bangalore
17.5,Ahmedabad
2.41,Hyderabad
4.45,Bangalore
29.93,Coimbatore
2.95,Pune
1.02,Kolkata
11.0,Jaipur
3.5,Pune
5.35,Mumbai
5.65,Mumbai
22.0,Mumbai
5.95,Mumbai
2.35,Pune
4.1,Pune
5.4,Pune
8.45,Delhi
42.5,Jaipur
10.75,Mumbai
1.65,Pune
11.03,Kochi
3.5,Kolkata
6.3,Jaipur
6.75,Bangalore
7.5,Jaipur
15.5,Pune
4.65,Delhi
7.58,Kochi
2.2,Hyderabad
21.0,Bangalore
5.25,Kolkata
5.22,Kochi
2.0,Chennai
9.18,Kochi
1.74,Coimbatore
4.45,Delhi
4.95,Coimbatore
5.64,Delhi
6.9,Mumbai
13.95,Hyderabad
17.0,Hyderabad
4.6,Bangalore
5.21,Jaipur
12.34,Coimbatore
1.5,Chennai
22.99,Delhi
43.0,Mumbai
40.0,Hyderabad
1.2,Chennai
2.9,Mumbai
13.9,Delhi
7.85,Delhi
54.45,Coimbatore
4.75,Kolkata
3.25,Mumbai
7.1,Mumbai
4.65,Kolkata
5.0,Kolkata
4.95,Delhi
9.8,Bangalore
78.8,Coimbatore
2.99,Kolkata
4.45,Mumbai
0.75,Pune
5.0,Delhi
5.0,Chennai
4.7,Pune
9.69,Coimbatore
5.5,Coimbatore
5.11,Jaipur
2.19,Mumbai
4.25,Chennai
14.5,Hyderabad
5.65,Mumbai
22.5,Ahmedabad
1.75,Mumbai
1.5,Jaipur
3.2,Kochi
4.5,Bangalore
4.5,Pune
8.0,Jaipur
28.9,Mumbai
4.1,Coimbatore
2.3,Hyderabad
7.22,Kochi
5.8,Hyderabad
3.5,Chennai
6.35,Bangalore
8.85,Delhi
2.0,Hyderabad
5.5,Bangalore
2.3,Kolkata
7.95,Bangalore
6.16,Coimbatore
2.85,Delhi
25.0,Delhi
10.36,Coimbatore
26.0,Delhi
4.35,Kolkata
4.5,Chennai
5.0,Delhi
3.67,Ahmedabad
6.0,Delhi
6.34,Coimbatore
22.0,Chennai
1.67,Delhi
7.95,Kolkata
9.74,Kochi
6.0,Chennai
1.5,Chennai
21.5,Mumbai
3.9,Pune
2.35,Jaipur
2.65,Delhi
3.16,Kochi
2.05,Jaipur
2.95,Hyderabad
3.9,Hyderabad
6.68,Coimbatore
3.5,Jaipur
8.11,Mumbai
8.3,Delhi
45.61,Coimbatore
4.45,Pune
7.85,Delhi
3.1,Hyderabad
3.75,Kolkata
7.65,Delhi
4.9,Ahmedabad
16.52,Coimbatore
14.05,Kochi
6.75,Kochi
9.2,Kolkata
3.0,Chennai
2.75,Chennai
20.5,Hyderabad
4.25,Pune
6.0,Kolkata
6.0,Coimbatore
2.41,Ahmedabad
7.25,Hyderabad
23.65,Kochi
6.5,Delhi
18.06,Kochi
3.2,Hyderabad
6.42,Coimbatore
23.0,Jaipur
5.9,Chennai
7.75,Pune
15.0,Hyderabad
9.0,Jaipur
11.5,Delhi
6.2,Kolkata
5.92,Kochi
6.29,Kolkata
4.12,Kochi
3.8,Pune
2.7,Ahmedabad
20.28,Coimbatore
3.9,Delhi
16.5,Pune
3.7,Pune
79.0,Delhi
17.99,Mumbai
3.9,Jaipur
3.12,Chennai
1.65,Pune
3.5,Kolkata
4.85,Chennai
39.22,Coimbatore
2.0,Kolkata
10.45,Mumbai
27.0,Chennai
2.25,Kolkata
3.45,Kolkata
6.14,Kochi
2.85,Jaipur
3.25,Chennai
4.0,Hyderabad
2.59,Kolkata
6.96,Delhi
2.19,Kolkata
3.0,Jaipur
3.6,Delhi
3.7,Coimbatore
21.75,Ahmedabad
45.0,Mumbai
3.19,Coimbatore
6.2,Coimbatore
3.96,Coimbatore
0.82,Kolkata
4.5,Jaipur
3.55,Mumbai
5.5,Chennai
10.25,Mumbai
30.0,Delhi
3.5,Pune
3.1,Delhi
3.25,Hyderabad
8.99,Mumbai
3.99,Kolkata
6.0,Mumbai
18.25,Mumbai
7.75,Delhi
4.5,Delhi
16.75,Bangalore
17.5,Pune
7.7,Chennai
4.45,Pune
5.25,Jaipur
33.66,Kochi
2.8,Chennai
8.47,Coimbatore
9.32,Coimbatore
27.43,Coimbatore
6.5,Delhi
9.5,Delhi
31.8,Kochi
4.2,Chennai
3.85,Kochi
6.0,Delhi
1.65,Hyderabad
14.5,Bangalore
7.1,Delhi
28.0,Chennai
9.38,Kochi
4.78,Kochi
1.7,Chennai
17.85,Coimbatore
2.75,Pune
5.95,Mumbai
1.5,Mumbai
3.8,Kochi
38.5,Bangalore
2.15,Jaipur
3.75,Mumbai
8.95,Mumbai
5.0,Hyderabad
2.95,Pune
10.49,Coimbatore
1.85,Hyderabad
6.45,Hyderabad
5.25,Jaipur
5.99,Kolkata
3.82,Kochi
39.0,Hyderabad
25.75,Coimbatore
2.2,Hyderabad
2.0,Chennai
56.5,Mumbai
21.0,Mumbai
4.0,Ahmedabad
3.83,Coimbatore
5.89,Kochi
1.36,Kolkata
44.0,Delhi
3.26,Mumbai
8.0,Bangalore
4.25,Ahmedabad
6.0,Pune
16.61,Kochi
7.26,Coimbatore
4.0,Bangalore
34.51,Ahmedabad
0.95,Chennai
2.2,Hyderabad
5.75,Mumbai
1.2,Pune
36.75,Delhi
10.0,Hyderabad
17.89,Kochi
4.05,Mumbai
22.0,Hyderabad
27.87,Coimbatore
8.75,Kolkata
4.79,Hyderabad
11.92,Coimbatore
53.11,Coimbatore
1.15,Jaipur
7.45,Pune
3.5,Jaipur
70.15,Kochi
3.15,Bangalore
19.5,Hyderabad
15.0,Pune
7.57,Coimbatore
4.4,Hyderabad
60.0,Chennai
1.6,Kolkata
4.9,Pune
5.95,Delhi
5.35,Coimbatore
5.4,Hyderabad
23.45,Coimbatore
1.9,Hyderabad
6.1,Pune
4.95,Mumbai
2.5,Hyderabad
3.48,Kochi
4.4,Chennai
7.99,Hyderabad
10.99,Hyderabad
18.5,Delhi
21.69,Coimbatore
5.17,Coimbatore
4.5,Delhi
6.75,Kolkata
3.12,Kochi
8.25,Hyderabad
20.14,Coimbatore
12.6,Hyderabad
6.61,Kochi
13.23,Kochi
4.75,Mumbai
2.9,Mumbai
5.5,Hyderabad
9.47,Kochi
1.95,Mumbai
2.2,Kolkata
1.15,Mumbai
4.35,Bangalore
4.5,Pune
3.55,Chennai
4.75,Kolkata
4.52,Coimbatore
12.75,Mumbai
20.04,Coimbatore
6.5,Bangalore
7.5,Chennai
4.15,Mumbai
2.5,Hyderabad
5.4,Pune
3.15,Mumbai
52.5,Bangalore
5.95,Delhi
6.97,Coimbatore
3.2,Hyderabad
1.12,Pune
6.69,Bangalore
5.9,Bangalore
2.25,Kolkata
4.5,Kolkata
2.61,Pune
11.5,Jaipur
35.0,Mumbai
0.5,Jaipur
5.75,Kolkata
11.5,Pune
2.75,Jaipur
31.5,Chennai
4.92,Kochi
3.52,Pune
17.55,Chennai
5.8,Pune
6.95,Hyderabad
2.4,Kolkata
5.25,Mumbai
4.25,Ahmedabad
1.5,Jaipur
4.5,Jaipur
2.5,Pune
1.55,Chennai
6.5,Pune
18.0,Pune
4.96,Kochi
3.25,Bangalore
8.5,Kolkata
2.75,Bangalore
3.4,Bangalore
7.0,Hyderabad
3.21,Kochi
14.25,Coimbatore
6.5,Hyderabad
5.49,Kolkata
0.8,Pune
1.99,Kochi
5.91,Coimbatore
6.44,Coimbatore
2.9,Pune
4.6,Jaipur
2.35,Pune
7.21,Coimbatore
8.0,Pune
3.5,Hyderabad
5.9,Pune
1.74,Coimbatore
6.8,Mumbai
7.5,Jaipur
8.0,Pune
5.99,Hyderabad
12.9,Mumbai
7.0,Delhi
35.0,Hyderabad
5.5,Jaipur
18.46,Coimbatore
2.4,Jaipur
1.0,Pune
2.65,Ahmedabad
5.96,Kochi
75.0,Kolkata
27.15,Kochi
10.5,Ahmedabad
6.7,Chennai
4.9,Kolkata
8.0,Hyderabad
3.63,Kochi
4.8,Mumbai
4.25,Mumbai
4.24,Kolkata
30.27,Coimbatore
14.25,Jaipur
3.41,Ahmedabad
2.78,Delhi
15.5,Ahmedabad
3.0,Chennai
2.3,Pune
13.28,Kochi
2.25,Hyderabad
3.36,Kochi
4.25,Kolkata
4.3,Coimbatore
6.0,Hyderabad
9.18,Coimbatore
4.99,Hyderabad
3.75,Pune
2.5,Chennai
7.2,Hyderabad
29.5,Ahmedabad
17.55,Chennai
12.0,Chennai
13.5,Bangalore
5.1,Kolkata
10.3,Kolkata
5.7,Delhi
3.41,Kochi
2.4,Hyderabad
5.6,Coimbatore
1.0,Pune
8.2,Hyderabad
27.5,Bangalore
3.5,Jaipur
4.58,Kochi
10.34,Coimbatore
3.25,Mumbai
5.0,Jaipur
2.25,Hyderabad
51.52,Kochi
8.62,Kochi
7.25,Mumbai
5.47,Kochi
31.0,Pune
35.98,Kochi
3.42,Jaipur
11.5,Ahmedabad
7.25,Pune
8.0,Chennai
7.33,Kochi
3.35,Kolkata
4.4,Mumbai
2.99,Kolkata
5.6,Bangalore
6.63,Coimbatore
7.9,Kochi
7.0,Kochi
4.95,Hyderabad
9.19,Mumbai
5.1,Hyderabad
5.9,Jaipur
9.51,Kochi
3.9,Mumbai
5.39,Coimbatore
3.0,Pune
4.3,Jaipur
6.75,Jaipur
4.5,Jaipur
2.75,Chennai
9.0,Chennai
0.7,Jaipur
2.55,Delhi
3.54,Coimbatore
4.25,Ahmedabad
1.2,Ahmedabad
19.5,Ahmedabad
12.0,Bangalore
3.9,Hyderabad
9.13,Kochi
2.25,Pune
3.25,Mumbai
14.79,Coimbatore
2.35,Mumbai
3.1,Kolkata
12.9,Delhi
2.5,Kolkata
3.65,Delhi
7.5,Bangalore
3.74,Kochi
5.86,Kochi
39.62,Coimbatore
7.05,Coimbatore
7.5,Delhi
2.1,Chennai
11.6,Delhi
19.25,Bangalore
17.92,Coimbatore
3.6,Kolkata
4.5,Ahmedabad
7.4,Hyderabad
59.29,Coimbatore
5.5,Kolkata
1.75,Bangalore
6.75,Mumbai
3.95,Chennai
4.2,Mumbai
8.4,Hyderabad
8.25,Mumbai
3.31,Bangalore
7.5,Ahmedabad
4.75,Pune
8.79,Pune
9.5,Pune
1.6,Pune
1.55,Kolkata
5.85,Jaipur
7.52,Coimbatore
3.6,Hyderabad
4.73,Kochi
10.5,Delhi
34.54,Coimbatore
6.07,Kochi
7.76,Coimbatore
7.46,Coimbatore
3.49,Delhi
4.05,Coimbatore
11.88,Kochi
6.45,Pune
50.0,Pune
9.0,Pune
14.25,Coimbatore
7.36,Coimbatore
4.4,Delhi
3.1,Mumbai
4.28,Coimbatore
5.5,Pune
6.99,Kolkata
4.29,Coimbatore
4.2,Delhi
4.11,Pune
18.75,Mumbai
64.95,Mumbai
1.59,Mumbai
3.6,Kolkata
7.87,Kochi
5.55,Mumbai
6.4,Jaipur
2.65,Mumbai
5.5,Delhi
7.31,Kochi
7.1,Jaipur
7.83,Kochi
0.85,Mumbai
3.55,Mumbai
8.19,Coimbatore
28.0,Pune
3.29,Chennai
4.41,Pune
4.99,Kolkata
17.98,Hyderabad
7.71,Coimbatore
2.8,Delhi
3.0,Kolkata
12.49,Coimbatore
5.0,Kochi
32.64,Kochi
6.5,Chennai
35.0,Bangalore
2.0,Chennai
9.46,Kochi
39.0,Kochi
15.0,Hyderabad
6.15,Coimbatore
14.5,Pune
3.25,Bangalore
5.18,Kochi
1.24,Pune
2.8,Kolkata
5.23,Kochi
0.45,Pune
3.25,Delhi
1.5,Kolkata
2.85,Mumbai
4.5,Kochi
16.25,Bangalore
7.75,Mumbai
4.35,Bangalore
33.13,Kochi
3.63,Coimbatore
4.75,Delhi
6.51,Kochi
4.8,Hyderabad
6.0,Hyderabad
6.4,Coimbatore
4.9,Ahmedabad
20.57,Coimbatore
4.76,Kolkata
2.0,Kochi
9.92,Coimbatore
3.69,Kochi
5.75,Hyderabad
5.7,Hyderabad
4.94,Coimbatore
4.29,Kochi
3.0,Kolkata
6.5,Hyderabad
4.9,Jaipur
5.4,Kochi
24.0,Delhi
7.46,Kochi
9.6,Kochi
25.0,Hyderabad
6.8,Hyderabad
8.59,Coimbatore
5.29,Hyderabad
2.5,Pune
13.9,Chennai
20.0,Jaipur
3.4,Delhi
5.5,Mumbai
3.65,Hyderabad
5.86,Kochi
10.44,Coimbatore
5.0,Bangalore
3.37,Coimbatore
6.95,Delhi
9.9,Mumbai
3.3,Hyderabad
50.5,Delhi
12.5,Jaipur
20.5,Hyderabad
14.5,Kolkata
20.0,Jaipur
5.25,Delhi
5.9,Kolkata
2.6,Pune
11.0,Chennai
15.5,Pune
5.75,Jaipur
75.0,Hyderabad
2.0,Chennai
2.3,Hyderabad
8.2,Hyderabad
4.8,Kolkata
8.5,Mumbai
2.9,Chennai
6.5,Ahmedabad
5.85,Jaipur
23.91,Coimbatore
7.36,Coimbatore
17.25,Pune
7.0,Jaipur
17.65,Mumbai
2.5,Jaipur
6.0,Hyderabad
8.25,Mumbai
44.83,Kochi
10.5,Delhi
1.9,Bangalore
4.25,Jaipur
26.5,Chennai
22.5,Bangalore
3.3,Hyderabad
4.3,Jaipur
5.25,Chennai
11.75,Jaipur
4.25,Ahmedabad
14.22,Delhi
4.2,Chennai
18.25,Delhi
18.5,Bangalore
2.4,Chennai
6.5,Kolkata
3.2,Hyderabad
3.99,Mumbai
5.45,Kochi
2.7,Hyderabad
6.25,Mumbai
13.28,Coimbatore
3.7,Hyderabad
39.51,Coimbatore
1.4,Hyderabad
3.5,Kolkata
3.78,Jaipur
2.7,Pune
3.2,Kolkata
5.0,Delhi
7.0,Chennai
2.85,Kolkata
4.25,Ahmedabad
4.9,Bangalore
16.9,Hyderabad
4.25,Delhi
4.34,Pune
17.0,Kolkata
28.45,Kochi
6.15,Kochi
9.25,Kochi
4.85,Delhi
4.8,Jaipur
2.3,Pune
4.75,Mumbai
5.0,Pune
2.5,Jaipur
5.95,Mumbai
16.0,Delhi
6.15,Delhi
4.05,Hyderabad
3.1,Hyderabad
5.49,Hyderabad
42.91,Coimbatore
5.7,Jaipur
2.85,Kolkata
2.35,Bangalore
14.76,Coimbatore
2.25,Pune
3.65,Mumbai
7.25,Delhi
10.69,Hyderabad
5.5,Mumbai
5.1,Chennai
3.25,Mumbai
9.25,Mumbai
1.7,Hyderabad
2.87,Kochi
17.75,Bangalore
4.5,Kolkata
2.95,Bangalore
2.6,Pune
3.0,Hyderabad
15.5,Ahmedabad
2.8,Pune
2.5,Kolkata
5.75,Bangalore
2.8,Pune
4.59,Kolkata
3.65,Pune
19.85,Mumbai
18.5,Pune
6.95,Hyderabad
2.85,Delhi
3.75,Jaipur
2.3,Jaipur
2.3,Kolkata
5.95,Hyderabad
3.49,Kolkata
47.7,Coimbatore
6.43,Coimbatore
4.5,Bangalore
39.75,Kolkata
4.0,Kolkata
6.98,Ahmedabad
1.75,Delhi
4.75,Delhi
23.5,Hyderabad
7.49,Hyderabad
10.85,Hyderabad
3.5,Mumbai
6.3,Bangalore
6.75,Bangalore
28.88,Coimbatore
14.23,Kochi
15.0,Mumbai
5.8,Mumbai
3.75,Jaipur
1.15,Jaipur
12.75,Jaipur
1.95,Mumbai
4.95,Mumbai
8.25,Delhi
20.99,Hyderabad
17.5,Hyderabad
5.36,Kochi
6.35,Delhi
2.95,Kolkata
55.7,Coimbatore
1.15,Kolkata
37.5,Hyderabad
4.07,Kochi
2.99,Kolkata
7.9,Delhi
7.49,Mumbai
1.1,Jaipur
56.0,Delhi
3.5,Mumbai
3.0,Hyderabad
6.1,Mumbai
2.25,Bangalore
5.95,Chennai
4.95,Hyderabad
5.49,Bangalore
6.67,Delhi
6.25,Ahmedabad
1.51,Ahmedabad
34.88,Coimbatore
6.9,Jaipur
5.99,Kolkata
10.4,Mumbai
29.0,Pune
5.85,Coimbatore
2.21,Kochi
2.4,Mumbai
3.0,Pune
3.75,Pune
2.95,Pune
5.8,Hyderabad
4.9,Hyderabad
16.95,Kolkata
12.5,Hyderabad
5.0,Hyderabad
4.68,Mumbai
29.8,Mumbai
3.46,Kochi
4.0,Pune
4.5,Chennai
5.87,Kochi
9.5,Delhi
32.5,Chennai
3.88,Coimbatore
13.08,Coimbatore
3.5,Delhi
3.5,Mumbai
4.45,Bangalore
2.35,Jaipur
28.0,Kolkata
2.0,Chennai
6.35,Mumbai
24.63,Kochi
3.0,Pune
7.9,Chennai
3.25,Mumbai
8.25,Delhi
2.85,Kolkata
3.2,Pune
1.75,Kolkata
3.38,Kolkata
5.75,Ahmedabad
4.7,Mumbai
2.9,Hyderabad
4.25,Ahmedabad
14.5,Chennai
5.34,Kochi
3.85,Jaipur
8.5,Hyderabad
4.2,Mumbai
6.75,Delhi
26.0,Jaipur
8.61,Coimbatore
1.46,Mumbai
2.8,Mumbai
4.0,Kochi
5.47,Mumbai
2.45,Mumbai
21.5,Hyderabad
1.38,Mumbai
13.5,Chennai
3.1,Bangalore
5.49,Mumbai
9.51,Kochi
2.39,Mumbai
3.25,Delhi
5.65,Mumbai
1.85,Ahmedabad
2.02,Kochi
5.8,Hyderabad
6.9,Hyderabad
5.35,Chennai
2.85,Bangalore
22.75,Chennai
0.45,Jaipur
4.64,Coimbatore
5.27,Coimbatore
10.0,Jaipur
3.95,Mumbai
3.38,Kochi
16.8,Coimbatore
1.99,Kolkata
5.84,Coimbatore
36.15,Coimbatore
25.7,Kolkata
9.24,Coimbatore
7.65,Delhi
25.31,Coimbatore
4.75,Delhi
6.69,Coimbatore
3.1,Mumbai
1.55,Jaipur
6.84,Coimbatore
1.6,Hyderabad
21.73,Kochi
4.75,Mumbai
2.45,Chennai
31.55,Kochi
10.25,Delhi
27.36,Coimbatore
6.5,Hyderabad
4.25,Jaipur
5.5,Mumbai
4.0,Kolkata
4.65,Kochi
28.5,Delhi
7.11,Coimbatore
3.9,Hyderabad
5.6,Jaipur
2.25,Pune
3.9,Kolkata
28.63,Coimbatore
7.25,Delhi
2.0,Pune
3.5,Mumbai
5.0,Hyderabad
3.72,Ahmedabad
3.45,Chennai
4.5,Kolkata
14.36,Coimbatore
5.5,Bangalore
3.0,Mumbai
6.08,Coimbatore
5.0,Chennai
20.25,Kochi
1.2,Chennai
18.0,Pune
17.5,Pune
2.1,Pune
7.5,Bangalore
24.77,Kochi
8.65,Bangalore
35.5,Chennai
10.5,Delhi
13.0,Delhi
26.5,Kolkata
1.4,Ahmedabad
7.51,Kochi
4.3,Delhi
8.95,Mumbai
6.91,Kochi
9.75,Coimbatore
4.0,Jaipur
3.65,Hyderabad
10.75,Chennai
4.51,Kochi
49.22,Coimbatore
3.7,Coimbatore
12.99,Hyderabad
4.15,Delhi
4.4,Kolkata
4.25,Kolkata
4.25,Mumbai
7.7,Jaipur
39.75,Pune
8.5,Mumbai
7.0,Jaipur
0.8,Chennai
15.25,Delhi
2.25,Hyderabad
4.85,Kolkata
6.42,Coimbatore
2.5,Chennai
5.75,Hyderabad
0.5,Pune
11.52,Coimbatore
4.5,Delhi
4.75,Bangalore
13.54,Coimbatore
23.41,Kochi
19.25,Hyderabad
20.0,Ahmedabad
13.0,Delhi
3.99,Chennai
4.65,Pune
4.65,Ahmedabad
3.15,Kolkata
8.25,Delhi
65.0,Bangalore
4.5,Chennai
17.5,Kolkata
4.31,Mumbai
6.2,Kochi
4.67,Chennai
3.32,Kochi
3.75,Delhi
4.7,Bangalore
6.5,Chennai
7.25,Hyderabad
8.94,Coimbatore
7.34,Kolkata
6.9,Delhi
5.9,Mumbai
6.75,Pune
4.1,Ahmedabad
27.0,Mumbai
4.5,Mumbai
14.5,Kolkata
5.25,Jaipur
1.2,Kolkata
4.95,Jaipur
7.5,Hyderabad
48.0,Kolkata
4.45,Delhi
59.65,Coimbatore
4.38,Kochi
7.9,Kochi
1.88,Bangalore
10.5,Mumbai
7.29,Coimbatore
6.0,Hyderabad
6.7,Chennai
1.5,Jaipur
23.8,Kochi
7.77,Kochi
3.32,Coimbatore
4.94,Kochi
11.0,Delhi
3.4,Hyderabad
4.17,Kochi
1.25,Hyderabad
5.45,Mumbai
2.59,Jaipur
12.01,Pune
2.45,Delhi
29.0,Bangalore
2.4,Hyderabad
11.99,Hyderabad
7.9,Delhi
6.25,Pune
1.8,Pune
2.8,Delhi
4.9,Mumbai
2.25,Jaipur
8.89,Coimbatore
15.0,Mumbai
5.65,Kolkata
7.0,Jaipur
2.95,Hyderabad
3.3,Chennai
3.5,Hyderabad
2.3,Jaipur
13.69,Coimbatore
3.1,Delhi
12.75,Mumbai
13.75,Pune
6.75,Chennai
5.25,Chennai
8.75,Mumbai
8.87,Kochi
6.5,Bangalore
4.5,Pune
12.5,Hyderabad
16.8,Delhi
8.75,Hyderabad
8.5,Pune
2.21,Kolkata
1.6,Jaipur
6.25,Delhi
2.25,Mumbai
25.75,Kochi
6.75,Ahmedabad
6.25,Ahmedabad
5.1,Delhi
10.75,Mumbai
5.7,Hyderabad
5.95,Bangalore
2.4,Kochi
3.49,Mumbai
4.0,Hyderabad
3.85,Delhi
3.95,Mumbai
3.0,Jaipur
6.7,Kochi
6.14,Coimbatore
4.4,Bangalore
4.25,Pune
25.93,Kochi
7.0,Kolkata
25.12,Coimbatore
4.45,Kochi
2.4,Kolkata
4.33,Pune
6.93,Coimbatore
4.25,Ahmedabad
12.5,Pune
4.9,Chennai
4.5,Mumbai
3.0,Jaipur
5.8,Chennai
3.33,Pune
6.62,Kochi
5.75,Mumbai
6.2,Hyderabad
3.5,Chennai
2.0,Pune
4.0,Chennai
9.5,Mumbai
17.5,Mumbai
6.11,Mumbai
3.75,Ahmedabad
6.2,Hyderabad
6.15,Mumbai
2.4,Pune
2.15,Pune
3.75,Kolkata
2.15,Mumbai
4.75,Bangalore
2.45,Mumbai
11.15,Mumbai
8.9,Jaipur
4.35,Ahmedabad
12.0,Jaipur
8.5,Mumbai
4.27,Kochi
4.25,Jaipur
9.25,Bangalore
8.61,Kochi
28.0,Hyderabad
9.25,Coimbatore
8.6,Chennai
7.53,Coimbatore
5.75,Mumbai
4.15,Chennai
5.84,Coimbatore
16.5,Kolkata
43.0,Mumbai
3.55,Pune
8.9,Hyderabad
2.5,Hyderabad
3.85,Hyderabad
7.5,Chennai
1.8,Mumbai
2.25,Chennai
24.25,Mumbai
4.35,Mumbai
11.5,Kolkata
4.75,Kolkata
4.99,Hyderabad
9.15,Coimbatore
2.35,Jaipur
13.99,Hyderabad
19.75,Bangalore
16.77,Coimbatore
2.5,Bangalore
3.65,Mumbai
23.5,Ahmedabad
3.11,Pune
4.57,Kochi
5.32,Mumbai
3.2,Hyderabad
5.63,Kochi
3.0,Hyderabad
9.25,Mumbai
1.2,Delhi
2.15,Delhi
3.05,Pune
11.5,Ahmedabad
2.3,Hyderabad
4.95,Kolkata
4.75,Hyderabad
10.15,Coimbatore
2.65,Kolkata
3.8,Hyderabad
16.68,Kochi
5.0,Pune
3.75,Chennai
4.11,Jaipur
4.25,Chennai
3.45,Mumbai
22.5,Bangalore
4.5,Delhi
0.9,Jaipur
1.85,Hyderabad
3.25,Kolkata
3.1,Pune
7.34,Coimbatore
4.25,Kolkata
6.45,Delhi
10.75,Chennai
27.75,Kolkata
0.99,Jaipur
24.0,Pune
6.1,Jaipur
8.25,Ahmedabad
4.65,Bangalore
9.75,Mumbai
4.4,Bangalore
3.99,Kolkata
45.73,Coimbatore
5.27,Kochi
3.5,Mumbai
7.25,Ahmedabad
1.6,Chennai
6.0,Pune
3.0,Chennai
4.95,Mumbai
8.99,Hyderabad
1.85,Mumbai
6.16,Coimbatore
3.5,Hyderabad
4.5,Jaipur
7.75,Hyderabad
6.6,Hyderabad
4.98,Kochi
9.75,Chennai
5.55,Mumbai
10.3,Hyderabad
7.5,Chennai
1.8,Hyderabad
6.25,Hyderabad
6.8,Hyderabad
3.0,Hyderabad
11.6,Coimbatore
6.95,Mumbai
3.5,Mumbai
5.5,Coimbatore
5.65,Mumbai
3.25,Ahmedabad
7.72,Coimbatore
12.0,Pune
1.55,Jaipur
10.75,Delhi
6.72,Coimbatore
28.55,Coimbatore
75.0,Bangalore
10.49,Hyderabad
3.8,Hyderabad
18.5,Ahmedabad
6.0,Kolkata
5.5,Hyderabad
2.3,Pune
8.7,Jaipur
4.95,Delhi
4.25,Jaipur
10.94,Kochi
21.26,Delhi
11.5,Bangalore
6.0,Pune
4.1,Hyderabad
2.01,Kolkata
2.6,Hyderabad
2.35,Kolkata
9.15,Bangalore
2.9,Chennai
9.18,Coimbatore
11.45,Mumbai
2.1,Hyderabad
5.53,Kochi
3.75,Chennai
12.5,Pune
15.5,Mumbai
2.1,Pune
14.5,Mumbai
12.46,Coimbatore
5.25,Bangalore
14.5,Delhi
25.0,Bangalore
2.66,Kochi
45.0,Hyderabad
5.1,Jaipur
3.5,Delhi
12.5,Ahmedabad
5.55,Hyderabad
19.48,Delhi
3.91,Ahmedabad
2.19,Chennai
6.89,Coimbatore
3.47,Coimbatore
3.25,Mumbai
2.85,Pune
25.64,Coimbatore
10.28,Kochi
6.3,Hyderabad
4.75,Chennai
5.8,Hyderabad
44.5,Hyderabad
4.65,Kochi
3.6,Jaipur
12.25,Hyderabad
20.0,Jaipur
16.0,Jaipur
6.21,Coimbatore
3.25,Kolkata
9.75,Kolkata
4.45,Mumbai
12.0,Pune
0.8,Chennai
5.95,Chennai
3.0,Pune
5.25,Kolkata
22.2,Coimbatore
13.5,Jaipur
13.5,Chennai
3.47,Delhi
9.5,Ahmedabad
4.8,Chennai
6.54,Kochi
3.1,Delhi
7.99,Hyderabad
3.3,Kolkata
8.75,Bangalore
4.19,Hyderabad
30.77,Kochi
2.11,Jaipur
6.25,Jaipur
11.4,Delhi
5.2,Bangalore
39.84,Coimbatore
4.45,Coimbatore
19.5,Kolkata
1.75,Hyderabad
5.1,Hyderabad
6.8,Delhi
5.74,Kolkata
3.3,Hyderabad
32.0,Hyderabad
35.0,Ahmedabad
8.9,Chennai
4.0,Mumbai
19.46,Kochi
5.25,Hyderabad
2.6,Delhi
9.22,Kolkata
1.8,Jaipur
1.3,Hyderabad
31.75,Kochi
5.99,Delhi
4.94,Kochi
1.5,Jaipur
3.25,Bangalore
1.95,Hyderabad
6.5,Delhi
3.71,Delhi
5.0,Pune
1.99,Ahmedabad
4.25,Mumbai
8.0,Ahmedabad
2.95,Mumbai
3.5,Pune
16.0,Jaipur
2.75,Jaipur
6.95,Delhi
12.5,Delhi
36.83,Coimbatore
2.7,Pune
9.9,Mumbai
3.83,Kochi
5.25,Coimbatore
7.75,Kolkata
2.46,Mumbai
3.96,Kolkata
8.25,Chennai
7.58,Coimbatore
3.99,Hyderabad
6.25,Delhi
5.0,Hyderabad
4.65,Hyderabad
21.37,Coimbatore
1.75,Hyderabad
16.09,Coimbatore
4.1,Kolkata
3.56,Coimbatore
4.21,Pune
6.86,Coimbatore
6.6,Delhi
14.35,Coimbatore
9.5,Hyderabad
21.9,Delhi
30.45,Coimbatore
5.1,Hyderabad
5.44,Pune
1.6,Jaipur
16.67,Kochi
9.5,Hyderabad
3.85,Pune
10.64,Kochi
3.5,Bangalore
1.1,Chennai
2.6,Hyderabad
18.5,Hyderabad
1.35,Bangalore
7.95,Hyderabad
5.49,Jaipur
6.95,Mumbai
1.0,Jaipur
4.45,Chennai
6.99,Kolkata
3.51,Coimbatore
7.54,Kochi
3.65,Bangalore
16.0,Ahmedabad
1.4,Kolkata
6.45,Mumbai
4.4,Hyderabad
5.95,Delhi
3.9,Ahmedabad
35.28,Coimbatore
14.25,Pune
4.5,Pune
7.5,Pune
3.41,Coimbatore
3.25,Pune
8.3,Hyderabad
3.45,Bangalore
2.1,Hyderabad
11.95,Mumbai
4.25,Hyderabad
8.25,Hyderabad
5.95,Hyderabad
4.3,Coimbatore
3.9,Ahmedabad
6.41,Pune
8.36,Coimbatore
3.85,Chennai
36.0,Hyderabad
7.5,Kolkata
5.7,Hyderabad
5.5,Kochi
5.9,Chennai
7.75,Mumbai
18.0,Ahmedabad
4.4,Hyderabad
8.27,Coimbatore
4.75,Ahmedabad
3.8,Hyderabad
3.4,Ahmedabad
4.7,Pune
1.49,Pune
4.5,Mumbai
5.4,Hyderabad
11.5,Hyderabad
3.5,Pune
16.5,Ahmedabad
3.9,Mumbai
3.25,Hyderabad
5.84,Kochi
5.75,Hyderabad
10.0,Delhi
1.05,Mumbai
5.64,Delhi
50.97,Coimbatore
29.95,Mumbai
4.85,Mumbai
14.5,Hyderabad
5.5,Hyderabad
3.2,Bangalore
4.5,Chennai
30.72,Coimbatore
3.5,Jaipur
6.99,Bangalore
3.45,Kochi
6.57,Kochi
17.5,Kolkata
3.75,Delhi
9.99,Pune
8.2,Kolkata
1.1,Jaipur
3.89,Kochi
2.45,Chennai
13.75,Pune
3.0,Kolkata
9.25,Ahmedabad
17.65,Mumbai
18.25,Delhi
3.45,Kochi
23.75,Bangalore
5.45,Mumbai
5.25,Coimbatore
1.1,Delhi
2.9,Delhi
14.2,Hyderabad
5.8,Kochi
7.22,Coimbatore
4.87,Coimbatore
3.3,Delhi
3.0,Hyderabad
26.0,Hyderabad
2.9,Hyderabad
7.5,Bangalore
2.36,Hyderabad
11.39,Coimbatore
7.02,Kochi
8.0,Delhi
7.11,Kochi
3.9,Mumbai
2.15,Hyderabad
3.25,Kolkata
70.66,Kochi
4.61,Mumbai
2.35,Mumbai
4.05,Chennai
0.8,Jaipur
5.6,Hyderabad
5.35,Delhi
3.25,Mumbai
11.5,Pune
4.25,Pune
4.45,Mumbai
2.85,Pune
7.85,Delhi
5.3,Pune
8.0,Mumbai
9.43,Coimbatore
2.75,Pune
13.5,Mumbai
9.99,Hyderabad
6.95,Chennai
6.75,Chennai
5.5,Chennai
9.18,Kochi
4.15,Jaipur
6.5,Ahmedabad
4.11,Kochi
2.25,Hyderabad
4.56,Kochi
4.0,Pune
5.27,Coimbatore
9.11,Kochi
6.2,Pune
19.97,Kochi
10.17,Delhi
4.5,Pune
14.28,Kochi
2.47,Kochi
7.9,Ahmedabad
2.3,Hyderabad
6.5,Hyderabad
3.25,Hyderabad
5.85,Bangalore
29.0,Hyderabad
25.71,Coimbatore
1.85,Chennai
22.75,Mumbai
8.32,Kochi
26.0,Delhi
7.0,Mumbai
3.45,Hyderabad
5.15,Mumbai
3.51,Kochi
3.45,Kolkata
3.75,Pune
1.45,Pune
2.2,Delhi
7.99,Hyderabad
6.75,Bangalore
11.99,Kolkata
5.0,Kolkata
5.9,Pune
3.75,Mumbai
29.5,Mumbai
4.75,Chennai
11.5,Pune
6.95,Chennai
5.4,Mumbai
4.75,Jaipur
2.15,Chennai
0.9,Jaipur
3.5,Kolkata
5.85,Kochi
3.15,Pune
6.0,Pune
2.23,Kolkata
2.5,Bangalore
3.87,Kochi
9.5,Ahmedabad
17.75,Delhi
3.75,Delhi
1.5,Chennai
5.0,Pune
17.0,Pune
4.38,Kochi
41.5,Delhi
3.0,Kolkata
11.0,Coimbatore
14.0,Pune
7.65,Pune
8.7,Kolkata
9.9,Hyderabad
2.05,Mumbai
5.25,Kolkata
5.77,Kochi
1.95,Hyderabad
7.45,Ahmedabad
2.6,Delhi
3.25,Ahmedabad
3.85,Hyderabad
7.5,Delhi
11.5,Kochi
3.25,Pune
1.5,Chennai
5.31,Jaipur
9.0,Hyderabad
3.59,Kolkata
7.35,Kochi
12.0,Pune
6.02,Coimbatore
2.57,Coimbatore
12.45,Pune
12.63,Coimbatore
7.75,Bangalore
5.5,Delhi
4.43,Kolkata
24.51,Kochi
2.65,Ahmedabad
2.1,Delhi
3.2,Delhi
4.25,Chennai
1.1,Kolkata
4.3,Chennai
8.9,Hyderabad
6.5,Jaipur
3.5,Delhi
4.25,Hyderabad
16.46,Kochi
5.95,Mumbai
7.1,Mumbai
1.25,Kolkata
2.5,Kolkata
5.5,Pune
3.25,Chennai
5.0,Hyderabad
6.58,Coimbatore
19.5,Mumbai
6.14,Kochi
4.95,Jaipur
5.75,Hyderabad
6.6,Kolkata
5.72,Coimbatore
2.6,Delhi
6.5,Hyderabad
6.1,Pune
3.85,Hyderabad
4.5,Pune
5.3,Coimbatore
18.25,Bangalore
5.75,Ahmedabad
3.35,Mumbai
0.9,Jaipur
5.5,Hyderabad
3.99,Kolkata
18.75,Delhi
3.5,Kolkata
16.45,Chennai
3.65,Coimbatore
5.4,Bangalore
8.7,Mumbai
20.75,Mumbai
12.5,Hyderabad
1.89,Kolkata
4.0,Kolkata
3.95,Mumbai
7.85,Hyderabad
7.0,Kolkata
24.99,Hyderabad
4.5,Delhi
1.25,Pune
3.95,Delhi
1.6,Pune
0.6,Hyderabad
3.39,Coimbatore
9.8,Hyderabad
5.91,Mumbai
8.25,Mumbai
3.75,Mumbai
12.5,Hyderabad
5.95,Bangalore
3.8,Delhi
4.35,Delhi
32.5,Hyderabad
3.0,Kolkata
19.0,Pune
5.0,Pune
5.45,Pune
2.7,Mumbai
10.75,Mumbai
5.8,Hyderabad
0.95,Pune
0.63,Jaipur
17.55,Kochi
3.0,Pune
15.0,Bangalore
6.0,Hyderabad
7.65,Mumbai
8.5,Jaipur
2.25,Kolkata
4.65,Delhi
7.85,Mumbai
3.46,Coimbatore
8.25,Mumbai
1.25,Pune
16.0,Bangalore
7.4,Jaipur
3.07,Kochi
3.84,Coimbatore
4.2,Pune
10.82,Kochi
6.1,Hyderabad
3.1,Kolkata
1.0,Chennai
4.69,Coimbatore
5.4,Mumbai
12.0,Mumbai
6.5,Mumbai
3.0,Chennai
6.9,Kochi
4.0,Chennai
4.25,Chennai
5.1,Hyderabad
4.9,Kolkata
3.6,Pune
34.0,Pune
8.25,Mumbai
1.3,Pune
39.05,Coimbatore
3.75,Kolkata
2.1,Mumbai
8.8,Hyderabad
5.84,Coimbatore
9.03,Kochi
3.25,Ahmedabad
4.9,Coimbatore
6.46,Kochi
18.5,Bangalore
2.7,Ahmedabad
4.6,Chennai
5.35,Jaipur
2.3,Pune
15.45,Delhi
12.49,Hyderabad
48.76,Coimbatore
3.2,Pune
8.75,Delhi
5.99,Kolkata
2.9,Chennai
18.0,Hyderabad
1.8,Kolkata
6.25,Mumbai
5.45,Bangalore
52.5,Mumbai
5.6,Mumbai
6.45,Kolkata
3.7,Mumbai
3.49,Chennai
3.55,Kolkata
9.0,Mumbai
2.7,Hyderabad
2.6,Pune
1.5,Chennai
15.9,Jaipur
5.2,Hyderabad
16.25,Mumbai
3.31,Mumbai
24.0,Bangalore
2.5,Kolkata
3.9,Jaipur
3.85,Kolkata
8.8,Delhi
4.95,Chennai
5.75,Kolkata
6.17,Kochi
3.45,Chennai
3.2,Jaipur
13.49,Coimbatore
24.5,Delhi
14.7,Kolkata
6.0,Hyderabad
34.18,Coimbatore
3.5,Delhi
2.15,Hyderabad
11.25,Kolkata
2.0,Delhi
4.27,Kochi
7.68,Kochi
14.52,Coimbatore
16.85,Mumbai
5.75,Mumbai
8.3,Mumbai
3.95,Chennai
4.8,Mumbai
12.0,Ahmedabad
6.25,Ahmedabad
2.5,Jaipur
7.5,Pune
3.5,Delhi
1.99,Hyderabad
2.25,Kolkata
3.25,Delhi
28.5,Bangalore
1.5,Kolkata
7.0,Delhi
27.5,Delhi
10.5,Ahmedabad
21.5,Jaipur
35.0,Delhi
7.99,Hyderabad
4.88,Coimbatore
40.5,Mumbai
6.55,Mumbai
29.64,Coimbatore
4.34,Coimbatore
6.22,Kochi
2.25,Delhi
38.0,Hyderabad
2.15,Mumbai
22.45,Coimbatore
20.87,Coimbatore
3.1,Mumbai
5.95,Mumbai
0.86,Mumbai
9.25,Delhi
2.25,Mumbai
6.13,Kochi
1.81,Kochi
3.79,Pune
3.6,Mumbai
3.85,Pune
4.5,Hyderabad
8.61,Coimbatore
6.5,Ahmedabad
2.6,Chennai
15.0,Pune
4.7,Pune
12.99,Hyderabad
7.32,Kochi
6.5,Delhi
5.67,Coimbatore
3.0,Chennai
5.5,Delhi
3.35,Pune
25.02,Coimbatore
26.11,Coimbatore
7.09,Coimbatore
2.65,Delhi
6.5,Delhi
4.5,Chennai
57.0,Chennai
3.82,Kochi
5.25,Jaipur
16.81,Coimbatore
21.5,Delhi
8.5,Hyderabad
3.25,Delhi
27.11,Coimbatore
5.95,Mumbai
6.79,Kochi
2.55,Mumbai
3.7,Pune
6.75,Bangalore
6.95,Kolkata
2.78,Kochi
6.18,Coimbatore
36.0,Bangalore
5.81,Coimbatore
3.41,Pune
26.5,Bangalore
16.0,Hyderabad
12.13,Kochi
1.8,Hyderabad
6.25,Pune
2.75,Chennai
6.0,Pune
11.56,Delhi
5.2,Mumbai
7.52,Coimbatore
12.49,Coimbatore
35.82,Coimbatore
6.25,Chennai
6.22,Coimbatore
8.02,Bangalore
3.75,Mumbai
11.75,Mumbai
2.25,Kolkata
3.55,Mumbai
38.15,Coimbatore
2.66,Ahmedabad
2.85,Mumbai
4.95,Bangalore
6.5,Chennai
2.4,Pune
12.5,Pune
3.0,Pune
6.67,Kochi
1.97,Coimbatore
2.8,Kolkata
2.65,Jaipur
4.75,Chennai
16.11,Mumbai
19.0,Bangalore
4.5,Bangalore
8.25,Hyderabad
3.5,Pune
8.5,Pune
9.0,Hyderabad
6.75,Hyderabad
5.4,Hyderabad
3.5,Delhi
2.6,Hyderabad
20.5,Bangalore
11.31,Kochi
4.5,Kolkata
56.0,Chennai
5.2,Kochi
5.25,Delhi
3.6,Kochi
3.3,Pune
5.85,Kolkata
3.9,Delhi
7.98,Delhi
4.3,Mumbai
2.25,Kolkata
3.2,Ahmedabad
6.55,Hyderabad
6.9,Bangalore
2.95,Chennai
11.45,Coimbatore
6.37,Kochi
5.0,Jaipur
2.6,Chennai
1.9,Kolkata
60.95,Kochi
4.44,Coimbatore
15.3,Chennai
8.2,Chennai
5.25,Ahmedabad
8.5,Pune
23.75,Chennai
2.74,Delhi
13.83,Coimbatore
6.99,Mumbai
2.25,Jaipur
11.49,Hyderabad
2.87,Coimbatore
3.25,Kolkata
3.5,Pune
4.49,Kochi
2.9,Jaipur
12.36,Coimbatore
6.0,Mumbai
31.0,Chennai
5.49,Kolkata
5.86,Coimbatore
9.0,Mumbai
7.7,Jaipur
9.47,Coimbatore
29.0,Bangalore
5.42,Kochi
6.39,Coimbatore
2.75,Jaipur
2.5,Chennai
2.35,Delhi
4.65,Coimbatore
6.0,Ahmedabad
3.5,Pune
7.0,Hyderabad
7.75,Bangalore
2.93,Kochi
22.5,Kolkata
40.66,Coimbatore
1.75,Pune
8.2,Hyderabad
4.49,Delhi
26.5,Chennai
2.6,Hyderabad
1.65,Bangalore
2.49,Kolkata
5.4,Hyderabad
4.35,Jaipur
32.73,Coimbatore
26.0,Chennai
2.5,Jaipur
21.66,Kochi
2.99,Mumbai
2.61,Kolkata
8.25,Delhi
12.5,Pune
5.5,Hyderabad
5.53,Coimbatore
1.1,Pune
6.85,Mumbai
17.09,Coimbatore
4.93,Delhi
17.5,Ahmedabad
1.95,Delhi
6.1,Bangalore
1.8,Mumbai
34.5,Bangalore
4.01,Coimbatore
3.15,Kolkata
5.49,Mumbai
10.0,Bangalore
4.55,Kolkata
1.5,Mumbai
2.15,Kolkata
1.4,Chennai
6.2,Bangalore
19.8,Mumbai
5.6,Mumbai
9.5,Mumbai
2.21,Delhi
3.31,Coimbatore
5.44,Kochi
7.56,Kolkata
3.2,Jaipur
5.53,Kochi
17.0,Hyderabad
3.55,Delhi
2.65,Chennai
17.85,Mumbai
7.96,Coimbatore
4.25,Pune
5.85,Kolkata
13.0,Mumbai
2.65,Kochi
4.75,Ahmedabad
2.65,Pune
3.0,Pune
32.52,Coimbatore
7.75,Pune
19.6,Delhi
2.6,Delhi
3.76,Mumbai
4.75,Chennai
1.75,Mumbai
3.95,Bangalore
1.0,Pune
4.5,Jaipur
17.23,Coimbatore
5.76,Kochi
4.32,Coimbatore
1.9,Delhi
5.5,Pune
13.5,Mumbai
9.75,Bangalore
9.44,Hyderabad
4.45,Mumbai
8.85,Pune
2.15,Delhi
4.89,Kochi
6.25,Hyderabad
4.8,Chennai
1.8,Jaipur
7.25,Kolkata
7.56,Coimbatore
6.82,Kochi
1.8,Jaipur
11.5,Pune
2.8,Chennai
5.5,Hyderabad
2.7,Kolkata
3.25,Jaipur
10.9,Coimbatore
4.07,Kochi
18.0,Ahmedabad
2.95,Mumbai
7.5,Mumbai
32.73,Coimbatore
21.5,Delhi
2.5,Pune
5.5,Ahmedabad
7.5,Mumbai
1.55,Mumbai
29.0,Kolkata
8.4,Coimbatore
6.5,Hyderabad
2.35,Mumbai
5.55,Mumbai
5.35,Mumbai
5.25,Chennai
5.87,Coimbatore
5.36,Kochi
7.75,Bangalore
5.41,Kochi
3.65,Bangalore
5.25,Pune
6.25,Kolkata
3.47,Coimbatore
8.85,Mumbai
0.85,Pune
13.65,Mumbai
50.22,Coimbatore
7.75,Ahmedabad
10.05,Coimbatore
9.75,Kolkata
23.0,Delhi
21.42,Coimbatore
0.7,Jaipur
5.21,Delhi
7.5,Hyderabad
2.65,Delhi
1.75,Chennai
1.0,Jaipur
33.0,Delhi
2.2,Kolkata
12.83,Kochi
68.94,Kochi
4.1,Mumbai
2.85,Jaipur
3.7,Mumbai
9.06,Coimbatore
4.75,Delhi
6.6,Jaipur
3.5,Chennai
2.0,Pune
3.89,Mumbai
3.6,Jaipur
6.95,Mumbai
7.03,Coimbatore
16.5,Ahmedabad
7.67,Coimbatore
23.19,Coimbatore
6.21,Kochi
45.82,Coimbatore
5.95,Mumbai
11.0,Delhi
7.19,Coimbatore
6.4,Delhi
26.0,Chennai
4.5,Hyderabad
3.1,Chennai
5.95,Delhi
1.2,Delhi
52.0,Chennai
48.0,Bangalore
21.99,Hyderabad
4.3,Hyderabad
3.75,Pune
8.95,Mumbai
4.75,Pune
14.6,Coimbatore
17.5,Mumbai
5.2,Kolkata
6.04,Coimbatore
2.7,Chennai
6.75,Chennai
2.35,Kolkata
5.0,Hyderabad
6.95,Kolkata
6.7,Jaipur
25.0,Hyderabad
3.75,Chennai
3.75,Chennai
5.1,Pune
2.45,Mumbai
3.25,Kolkata
5.5,Kolkata
3.77,Kochi
49.24,Coimbatore
3.04,Kochi
4.9,Delhi
6.25,Bangalore
33.0,Hyderabad
27.0,Chennai
5.21,Coimbatore
5.75,Mumbai
16.58,Coimbatore
11.0,Delhi
2.8,Pune
37.99,Kochi
3.65,Delhi
6.0,Hyderabad
4.54,Coimbatore
5.4,Kochi
3.3,Mumbai
18.25,Hyderabad
3.1,Bangalore
3.84,Kochi
2.44,Kolkata
3.6,Bangalore
3.9,Mumbai
2.9,Chennai
3.5,Chennai
3.5,Chennai
3.5,Jaipur
7.0,Hyderabad
8.7,Chennai
45.0,Hyderabad
1.8,Hyderabad
0.99,Kolkata
4.8,Kolkata
17.95,Mumbai
13.0,Chennai
5.66,Kochi
3.1,Delhi
6.54,Kochi
13.2,Hyderabad
56.8,Kochi
19.4,Kochi
1.65,Ahmedabad
4.35,Jaipur
6.5,Hyderabad
1.11,Delhi
5.5,Mumbai
11.0,Delhi
3.9,Pune
1.8,Pune
6.22,Kochi
4.3,Hyderabad
5.99,Hyderabad
6.0,Delhi
5.85,Delhi
19.94,Kochi
2.9,Chennai
4.25,Mumbai
5.99,Hyderabad
3.3,Kolkata
8.08,Coimbatore
4.5,Jaipur
6.5,Hyderabad
3.9,Bangalore
5.25,Delhi
17.0,Bangalore
3.5,Ahmedabad
3.0,Hyderabad
4.87,Coimbatore
6.0,Jaipur
15.5,Mumbai
1.6,Pune
7.25,Pune
3.25,Mumbai
3.4,Kolkata
30.5,Coimbatore
7.97,Kochi
13.51,Delhi
5.43,Kochi
2.6,Chennai
2.75,Kolkata
8.75,Kolkata
5.41,Coimbatore
8.55,Kochi
8.25,Mumbai
23.58,Kochi
4.49,Coimbatore
12.99,Hyderabad
2.8,Bangalore
8.43,Coimbatore
47.5,Hyderabad
8.95,Mumbai
5.5,Jaipur
4.75,Jaipur
4.75,Jaipur
9.5,Pune
3.77,Coimbatore
4.25,Delhi
19.9,Mumbai
4.0,Chennai
4.16,Kochi
38.0,Bangalore
6.34,Kochi
4.5,Pune
3.75,Chennai
10.2,Delhi
5.0,Chennai
3.95,Mumbai
9.75,Coimbatore
7.93,Kochi
2.1,Hyderabad
16.42,Coimbatore
8.9,Bangalore
7.21,Pune
13.5,Chennai
65.0,Chennai
7.4,Bangalore
5.15,Kochi
32.0,Pune
3.25,Kolkata
3.95,Kolkata
1.5,Pune
3.0,Pune
1.99,Kolkata
1.35,Kolkata
13.5,Hyderabad
6.99,Hyderabad
8.5,Hyderabad
2.89,Pune
10.5,Mumbai
3.97,Kochi
4.25,Chennai
6.17,Coimbatore
38.72,Coimbatore
6.5,Hyderabad
4.25,Jaipur
4.75,Kolkata
17.71,Kochi
5.85,Jaipur
17.27,Coimbatore
9.25,Hyderabad
12.75,Ahmedabad
27.0,Pune
21.0,Bangalore
7.95,Hyderabad
4.5,Hyderabad
33.75,Mumbai
17.51,Delhi
6.8,Kochi
1.68,Coimbatore
2.9,Chennai
3.16,Mumbai
3.9,Jaipur
1.95,Delhi
26.52,Kochi
9.0,Chennai
4.5,Hyderabad
8.75,Chennai
11.5,Chennai
3.0,Delhi
3.79,Coimbatore
6.0,Ahmedabad
13.25,Bangalore
8.0,Delhi
5.8,Hyderabad
13.85,Delhi
13.5,Hyderabad
25.0,Pune
5.49,Kochi
19.0,Hyderabad
2.5,Kolkata
3.0,Kolkata
6.64,Kochi
3.21,Kochi
1.55,Chennai
2.59,Hyderabad
4.0,Chennai
3.87,Jaipur
9.75,Bangalore
32.91,Kochi
16.75,Chennai
1.9,Jaipur
6.59,Kochi
31.93,Coimbatore
7.25,Jaipur
1.9,Pune
3.55,Kolkata
9.25,Hyderabad
1.65,Kochi
36.64,Coimbatore
16.0,Mumbai
5.38,Kochi
3.15,Pune
4.35,Ahmedabad
1.2,Hyderabad
4.1,Jaipur
18.75,Chennai
13.78,Coimbatore
4.0,Kolkata
4.33,Jaipur
5.43,Kochi
4.9,Mumbai
70.0,Chennai
25.5,Kolkata
5.1,Ahmedabad
6.7,Hyderabad
26.5,Hyderabad
3.9,Ahmedabad
2.7,Pune
2.95,Hyderabad
23.0,Ahmedabad
2.49,Pune
4.5,Jaipur
4.5,Delhi
6.9,Hyderabad
20.72,Kochi
2.21,Jaipur
0.55,Jaipur
13.9,Mumbai
1.46,Pune
6.0,Pune
3.0,Jaipur
3.5,Delhi
7.59,Kochi
1.99,Mumbai
3.8,Hyderabad
4.0,Bangalore
2.95,Bangalore
3.75,Delhi
2.5,Kolkata
3.75,Pune
22.0,Pune
6.14,Kochi
16.0,Pune
3.75,Hyderabad
11.75,Mumbai
24.0,Pune
8.9,Hyderabad
10.0,Chennai
5.55,Mumbai
3.59,Kochi
11.13,Coimbatore
7.2,Jaipur
2.98,Mumbai
1.7,Pune
52.0,Delhi
0.95,Pune
9.25,Mumbai
16.25,Bangalore
20.99,Kolkata
4.25,Chennai
7.2,Bangalore
4.4,Hyderabad
4.25,Pune
5.35,Ahmedabad
6.3,Coimbatore
12.5,Delhi
7.5,Ahmedabad
11.25,Delhi
7.65,Mumbai
4.5,Mumbai
7.5,Hyderabad
7.1,Kochi
2.25,Mumbai
27.0,Hyderabad
4.18,Pune
6.5,Chennai
3.15,Delhi
7.64,Pune
2.4,Hyderabad
4.25,Mumbai
9.31,Kochi
2.39,Bangalore
7.64,Kochi
6.21,Delhi
16.5,Jaipur
8.22,Kochi
28.85,Coimbatore
8.5,Mumbai
6.51,Mumbai
4.65,Mumbai
8.4,Kochi
5.75,Bangalore
1.11,Jaipur
3.93,Kochi
17.25,Mumbai
32.0,Delhi
3.45,Kochi
23.0,Pune
7.32,Kochi
4.4,Jaipur
47.35,Bangalore
4.12,Coimbatore
19.5,Chennai
6.2,Hyderabad
45.0,Bangalore
0.85,Hyderabad
2.8,Chennai
4.8,Pune
0.9,Pune
5.65,Hyderabad
14.5,Ahmedabad
5.9,Ahmedabad
5.0,Pune
4.9,Ahmedabad
4.25,Ahmedabad
10.9,Chennai
2.45,Delhi
2.5,Pune
5.75,Jaipur
5.0,Pune
4.62,Kochi
23.5,Delhi
7.25,Kolkata
11.88,Kochi
2.25,Chennai
0.85,Pune
4.0,Pune
5.1,Pune
12.5,Hyderabad
2.9,Chennai
15.96,Coimbatore
5.45,Mumbai
23.86,Kochi
1.75,Kochi
9.75,Hyderabad
4.75,Bangalore
6.25,Delhi
22.0,Bangalore
14.14,Kochi
0.95,Kolkata
11.95,Delhi
2.5,Delhi
2.75,Mumbai
5.85,Coimbatore
6.25,Ahmedabad
4.95,Mumbai
4.75,Pune
2.55,Delhi
4.5,Pune
3.01,Kochi
42.0,Hyderabad
11.5,Kolkata
10.99,Hyderabad
3.71,Jaipur
2.0,Jaipur
9.48,Kochi
1.25,Jaipur
10.9,Jaipur
5.5,Kolkata
3.71,Coimbatore
6.25,Mumbai
4.9,Chennai
1.1,Mumbai
4.72,Kochi
3.7,Kochi
24.85,Mumbai
12.25,Jaipur
3.9,Kolkata
6.28,Kochi
2.75,Mumbai
7.85,Coimbatore
2.95,Mumbai
4.85,Mumbai
30.0,Bangalore
19.9,Bangalore
10.8,Bangalore
1.75,Hyderabad
19.25,Mumbai
5.5,Delhi
2.75,Chennai
13.0,Bangalore
3.2,Mumbai
5.84,Coimbatore
24.0,Hyderabad
6.25,Chennai
36.0,Hyderabad
3.0,Chennai
11.0,Chennai
6.5,Chennai
9.4,Hyderabad
37.92,Kochi
5.25,Pune
4.5,Chennai
18.0,Chennai
5.56,Coimbatore
22.0,Bangalore
22.0,Hyderabad
2.65,Mumbai
5.85,Jaipur
6.95,Chennai
6.5,Kolkata
0.85,Jaipur
7.25,Delhi
4.5,Pune
4.25,Mumbai
26.0,Chennai
9.66,Coimbatore
6.85,Bangalore
23.68,Coimbatore
15.75,Delhi
3.5,Pune
6.99,Delhi
15.57,Coimbatore
5.29,Coimbatore
2.25,Kolkata
20.0,Chennai
47.5,Mumbai
1.22,Chennai
3.65,Chennai
3.1,Pune
11.5,Bangalore
3.46,Kochi
8.38,Coimbatore
4.8,Pune
4.5,Pune
0.8,Chennai
3.95,Kolkata
3.65,Hyderabad
10.0,Mumbai
4.0,Delhi
4.75,Hyderabad
3.1,Bangalore
3.61,Kochi
4.29,Coimbatore
2.13,Kolkata
1.1,Mumbai
13.95,Hyderabad
5.35,Mumbai
3.9,Hyderabad
2.8,Kolkata
8.75,Mumbai
19.5,Hyderabad
2.75,Kolkata
8.0,Hyderabad
5.7,Delhi
12.5,Ahmedabad
1.75,Chennai
1.9,Chennai
4.5,Ahmedabad
30.3,Mumbai
16.0,Hyderabad
32.78,Kochi
2.5,Jaipur
43.0,Hyderabad
5.38,Kochi
2.65,Hyderabad
3.3,Hyderabad
34.0,Hyderabad
0.7,Chennai
6.83,Kochi
5.77,Kochi
3.1,Chennai
4.95,Mumbai
16.25,Bangalore
52.54,Coimbatore
6.4,Chennai
6.95,Bangalore
0.85,Kolkata
6.95,Chennai
3.45,Kolkata
2.75,Delhi
4.95,Delhi
9.62,Coimbatore
6.79,Coimbatore
4.5,Mumbai
3.01,Kochi
4.4,Bangalore
17.49,Hyderabad
4.66,Coimbatore
5.5,Chennai
6.0,Ahmedabad
2.4,Hyderabad
10.19,Kochi
5.25,Kochi
45.0,Hyderabad
2.7,Ahmedabad
3.39,Coimbatore
5.69,Hyderabad
58.54,Kochi
8.4,Hyderabad
2.5,Hyderabad
3.25,Pune
3.25,Mumbai
4.25,Pune
18.5,Jaipur
2.4,Hyderabad
4.25,Jaipur
8.85,Mumbai
4.14,Coimbatore
12.75,Mumbai
7.0,Hyderabad
33.0,Hyderabad
10.0,Ahmedabad
3.53,Kochi
1.35,Jaipur
4.5,Delhi
4.9,Pune
12.26,Kochi
3.99,Mumbai
46.95,Mumbai
3.8,Hyderabad
6.75,Ahmedabad
8.75,Coimbatore
5.2,Chennai
8.42,Kochi
3.0,Pune
5.75,Mumbai
9.75,Kolkata
3.5,Delhi
30.0,Jaipur
35.0,Delhi
13.25,Coimbatore
3.65,Mumbai
5.25,Jaipur
9.7,Delhi
5.21,Coimbatore
6.3,Pune
4.72,Kochi
28.0,Chennai
8.37,Coimbatore
14.0,Delhi
36.0,Hyderabad
6.4,Pune
51.69,Coimbatore
8.0,Jaipur
9.8,Hyderabad
2.7,Hyderabad
24.37,Coimbatore
9.72,Kochi
5.0,Pune
10.5,Pune
3.9,Jaipur
5.65,Coimbatore
29.95,Mumbai
3.0,Bangalore
6.0,Kolkata
2.11,Mumbai
1.49,Kolkata
1.5,Jaipur
4.67,Coimbatore
2.85,Bangalore
33.64,Coimbatore
0.91,Hyderabad
2.42,Jaipur
3.25,Kolkata
2.8,Kolkata
8.3,Coimbatore
5.25,Bangalore
2.9,Jaipur
15.0,Pune
0.53,Jaipur
12.5,Mumbai
2.75,Mumbai
5.0,Pune
7.09,Kochi
19.99,Hyderabad
10.75,Mumbai
9.45,Mumbai
2.9,Hyderabad
4.7,Kolkata
7.11,Coimbatore
6.25,Jaipur
2.2,Hyderabad
8.86,Kochi
9.3,Delhi
7.57,Coimbatore
7.9,Chennai
5.65,Kochi
3.25,Delhi
16.27,Coimbatore
3.21,Coimbatore
3.9,Kolkata
6.5,Mumbai
48.0,Hyderabad
18.9,Mumbai
3.6,Pune
5.5,Kolkata
7.0,Pune
41.75,Bangalore
10.5,Hyderabad
10.09,Coimbatore
3.0,Delhi
12.0,Chennai
4.91,Jaipur
2.0,Kolkata
5.3,Hyderabad
7.22,Mumbai
32.57,Kochi
2.75,Mumbai
4.33,Kochi
3.75,Hyderabad
5.91,Kochi
4.35,Chennai
3.25,Delhi
68.0,Pune
5.5,Mumbai
12.08,Kochi
7.48,Kochi
5.5,Jaipur
3.5,Jaipur
1.6,Delhi
15.5,Delhi
19.0,Hyderabad
8.4,Hyderabad
7.25,Pune
4.25,Kolkata
5.7,Delhi
26.0,Hyderabad
2.49,Hyderabad
3.0,Pune
5.95,Delhi
2.69,Delhi
26.0,Bangalore
5.5,Kolkata
4.85,Chennai
8.39,Kochi
7.99,Hyderabad
6.95,Hyderabad
1.5,Mumbai
1.55,Mumbai
2.75,Bangalore
4.25,Mumbai
2.85,Kolkata
56.14,Coimbatore
10.0,Ahmedabad
1.25,Mumbai
7.5,Kolkata
25.81,Coimbatore
4.3,Ahmedabad
11.0,Chennai
11.75,Jaipur
6.58,Coimbatore
4.8,Chennai
1.65,Pune
15.0,Kolkata
1.0,Ahmedabad
1.65,Hyderabad
3.6,Ahmedabad
11.5,Delhi
3.6,Ahmedabad
3.05,Pune
6.0,Bangalore
3.75,Ahmedabad
6.17,Coimbatore
9.05,Coimbatore
4.05,Coimbatore
4.25,Pune
3.75,Kolkata
11.85,Mumbai
8.24,Kochi
5.99,Hyderabad
6.5,Jaipur
58.91,Coimbatore
8.0,Delhi
4.64,Kochi
3.32,Kochi
2.78,Chennai
8.95,Kochi
21.95,Mumbai
7.9,Ahmedabad
29.0,Kolkata
3.25,Kolkata
5.9,Mumbai
9.88,Coimbatore
8.78,Coimbatore
2.75,Kolkata
5.98,Kochi
31.0,Delhi
3.55,Delhi
6.24,Kochi
2.19,Kolkata
5.5,Hyderabad
2.1,Pune
14.0,Kolkata
5.5,Mumbai
1.2,Pune
5.3,Hyderabad
6.3,Chennai
40.47,Kochi
16.1,Delhi
25.0,Delhi
7.95,Mumbai
2.65,Delhi
2.81,Coimbatore
17.5,Hyderabad
3.3,Mumbai
5.34,Kochi
8.5,Hyderabad
2.69,Kochi
11.5,Ahmedabad
4.06,Coimbatore
49.0,Hyderabad
4.6,Bangalore
3.96,Delhi
5.6,Mumbai
3.75,Kolkata
5.5,Jaipur
3.0,Delhi
3.0,Mumbai
2.95,Pune
2.45,Hyderabad
13.99,Pune
60.75,Bangalore
1.17,Kolkata
4.5,Chennai
2.5,Mumbai
20.5,Chennai
3.9,Delhi
3.5,Chennai
8.3,Hyderabad
2.5,Chennai
2.65,Kolkata
7.42,Kochi
4.63,Kochi
1.09,Kolkata
3.8,Delhi
15.75,Mumbai
5.27,Coimbatore
2.75,Mumbai
7.4,Chennai
3.9,Jaipur
0.7,Jaipur
5.9,Pune
9.58,Coimbatore
24.95,Delhi
4.29,Kochi
11.5,Delhi
9.65,Mumbai
3.75,Mumbai
1.1,Pune
31.41,Coimbatore
6.0,Pune
5.55,Pune
10.91,Jaipur
7.25,Kolkata
3.9,Hyderabad
3.95,Delhi
22.0,Mumbai
3.38,Delhi
3.45,Mumbai
5.75,Delhi
2.75,Jaipur
30.3,Kochi
7.5,Hyderabad
6.87,Coimbatore
15.2,Bangalore
3.5,Chennai
5.85,Hyderabad
2.5,Hyderabad
3.95,Pune
27.0,Jaipur
6.75,Bangalore
1.5,Jaipur
3.9,Hyderabad
6.55,Hyderabad
9.44,Kochi
10.77,Coimbatore
7.5,Ahmedabad
3.0,Kolkata
11.75,Chennai
3.29,Kochi
6.5,Chennai
3.8,Delhi
18.0,Hyderabad
4.95,Bangalore
4.52,Kochi
8.0,Kolkata
6.26,Coimbatore
7.5,Chennai
3.65,Delhi
3.35,Mumbai
5.5,Mumbai
5.25,Bangalore
16.25,Bangalore
2.7,Delhi
32.9,Chennai
3.41,Coimbatore
4.15,Hyderabad
5.9,Hyderabad
11.5,Pune
4.75,Kolkata
3.5,Chennai
7.25,Pune
4.35,Mumbai
4.99,Coimbatore
7.65,Bangalore
9.0,Chennai
6.9,Chennai
2.9,Chennai
5.75,Kolkata
8.0,Kolkata
4.41,Kochi
4.95,Mumbai
14.4,Hyderabad
2.95,Chennai
8.14,Coimbatore
8.45,Hyderabad
12.5,Pune
6.5,Mumbai
7.72,Coimbatore
8.0,Chennai
3.0,Chennai
29.0,Mumbai
4.11,Kolkata
5.37,Coimbatore
6.55,Mumbai
7.0,Chennai
5.48,Mumbai
6.51,Kochi
5.15,Pune
9.0,Hyderabad
2.75,Mumbai
1.2,Pune
12.5,Bangalore
7.69,Kochi
4.57,Kochi
4.5,Mumbai
4.9,Hyderabad
1.65,Kolkata
3.25,Mumbai
6.25,Chennai
12.13,Kochi
3.25,Jaipur
29.0,Hyderabad
5.53,Kochi
8.75,Hyderabad
37.9,Bangalore
2.4,Delhi
4.55,Chennai
2.65,Delhi
1.6,Pune
25.72,Coimbatore
4.15,Ahmedabad
7.23,Jaipur
2.6,Bangalore
7.25,Mumbai
14.29,Kochi
17.25,Hyderabad
7.5,Pune
4.35,Hyderabad
8.9,Pune
3.5,Kolkata
6.1,Kolkata
3.2,Mumbai
4.9,Jaipur
3.69,Kochi
3.98,Chennai
2.95,Kolkata
15.21,Kochi
6.3,Hyderabad
6.69,Kochi
9.5,Mumbai
2.65,Mumbai
7.5,Ahmedabad
1.85,Bangalore
5.63,Kochi
11.78,Coimbatore
0.85,Hyderabad
3.35,Mumbai
4.11,Kochi
25.51,Ahmedabad
3.1,Jaipur
33.5,Delhi
4.8,Kolkata
3.49,Kolkata
5.15,Mumbai
14.41,Mumbai
4.75,Mumbai
19.0,Jaipur
4.9,Hyderabad
6.3,Chennai
2.4,Jaipur
3.0,Pune
4.25,Delhi
6.3,Hyderabad
8.15,Kochi
3.22,Kochi
7.65,Kochi
30.0,Delhi
2.3,Pune
22.0,Delhi
3.28,Pune
7.09,Kochi
6.46,Coimbatore
4.0,Chennai
11.0,Delhi
49.79,Coimbatore
4.8,Kolkata
35.0,Bangalore
21.99,Bangalore
1.1,Mumbai
6.6,Delhi
4.5,Pune
1.0,Pune
6.9,Chennai
16.75,Hyderabad
25.49,Mumbai
35.5,Chennai
6.28,Kochi
4.88,Delhi
3.7,Hyderabad
3.45,Kochi
10.23,Kochi
6.5,Bangalore
6.15,Mumbai
2.9,Mumbai
5.5,Ahmedabad
31.0,Chennai
4.25,Delhi
5.48,Kochi
7.25,Bangalore
3.0,Hyderabad
29.5,Hyderabad
1.49,Mumbai
3.65,Pune
10.9,Ahmedabad
4.3,Bangalore
6.11,Pune
15.5,Hyderabad
6.9,Mumbai
4.69,Bangalore
3.19,Kochi
3.75,Pune
8.6,Pune
3.85,Chennai
67.83,Coimbatore
9.31,Coimbatore
3.0,Pune
5.5,Bangalore
13.3,Hyderabad
23.0,Hyderabad
3.35,Mumbai
10.0,Chennai
2.95,Delhi
6.75,Pune
2.44,Pune
5.85,Mumbai
7.4,Kochi
3.8,Pune
3.8,Hyderabad
2.7,Kolkata
7.21,Jaipur
7.9,Hyderabad
4.2,Kolkata
5.75,Mumbai
3.45,Hyderabad
25.75,Bangalore
16.59,Coimbatore
4.69,Coimbatore
7.5,Mumbai
16.5,Hyderabad
1.99,Kolkata
5.25,Chennai
5.4,Mumbai
3.9,Mumbai
5.8,Mumbai
30.5,Pune
5.6,Hyderabad
23.0,Ahmedabad
5.15,Jaipur
9.48,Coimbatore
2.38,Bangalore
3.8,Hyderabad
5.5,Delhi
3.55,Hyderabad
6.35,Mumbai
36.0,Delhi
1.1,Hyderabad
3.7,Mumbai
13.5,Delhi
2.85,Mumbai
2.13,Coimbatore
7.75,Ahmedabad
2.85,Chennai
4.95,Jaipur
6.2,Kochi
17.5,Pune
2.25,Pune
6.75,Delhi
9.73,Kochi
8.49,Kochi
25.0,Mumbai
5.59,Coimbatore
4.8,Mumbai
5.45,Delhi
6.5,Pune
4.35,Chennai
3.75,Kolkata
12.0,Pune
32.0,Delhi
4.0,Jaipur
2.6,Kolkata
4.45,Jaipur
2.6,Pune
16.0,Chennai
32.5,Delhi
13.85,Mumbai
8.76,Coimbatore
23.68,Kochi
5.5,Chennai
65.81,Coimbatore
4.99,Kolkata
5.7,Chennai
11.99,Coimbatore
29.99,Mumbai
9.5,Chennai
5.5,Hyderabad
23.0,Bangalore
2.95,Hyderabad
4.9,Kochi
1.3,Chennai
4.25,Delhi
16.36,Kochi
9.95,Kolkata
5.5,Bangalore
8.25,Delhi
0.95,Chennai
4.01,Kochi
8.2,Kochi
6.2,Chennai
16.75,Chennai
16.5,Delhi
3.75,Mumbai
3.5,Kolkata
5.43,Coimbatore
30.35,Coimbatore
7.99,Hyderabad
3.59,Coimbatore
1.9,Chennai
4.7,Chennai
7.25,Chennai
24.46,Kochi
3.9,Pune
5.15,Coimbatore
3.65,Mumbai
5.0,Kolkata
2.3,Kolkata
0.75,Pune
1.85,Kochi
1.8,Kolkata
4.41,Kochi
2.0,Chennai
5.55,Hyderabad
31.75,Bangalore
32.0,Bangalore
21.0,Hyderabad
2.75,Ahmedabad
2.64,Coimbatore
14.19,Kochi
3.85,Jaipur
15.5,Delhi
1.9,Mumbai
1.26,Kochi
2.4,Chennai
11.5,Bangalore
8.25,Jaipur
2.75,Pune
1.4,Delhi
2.9,Coimbatore
2.4,Chennai
4.75,Pune
44.76,Kochi
6.22,Kochi
4.5,Chennai
4.25,Mumbai
5.5,Hyderabad
6.95,Mumbai
4.56,Coimbatore
13.82,Coimbatore
5.65,Mumbai
6.2,Kochi
3.25,Delhi
8.5,Kolkata
7.25,Bangalore
4.61,Pune
5.3,Delhi
1.9,Ahmedabad
3.09,Kochi
9.5,Mumbai
12.65,Mumbai
4.25,Delhi
2.95,Hyderabad
3.45,Hyderabad
3.3,Hyderabad
8.0,Hyderabad
2.71,Kolkata
2.7,Hyderabad
4.5,Mumbai
18.75,Delhi
5.25,Pune
3.2,Hyderabad
6.0,Pune
3.14,Kolkata
2.55,Jaipur
2.3,Jaipur
5.65,Hyderabad
48.22,Kochi
3.0,Jaipur
7.5,Ahmedabad
2.6,Bangalore
61.25,Mumbai
3.5,Chennai
28.95,Kochi
15.0,Pune
4.25,Jaipur
6.6,Pune
5.2,Hyderabad
10.0,Chennai
35.0,Bangalore
8.75,Mumbai
4.57,Coimbatore
2.5,Delhi
1.75,Chennai
20.11,Kochi
7.8,Hyderabad
3.61,Coimbatore
1.11,Pune
4.6,Mumbai
85.0,Ahmedabad
5.25,Kolkata
3.3,Delhi
17.75,Bangalore
35.0,Delhi
13.39,Coimbatore
2.5,Chennai
18.36,Kochi
5.95,Jaipur
11.0,Mumbai
64.75,Delhi
6.3,Hyderabad
11.94,Kochi
5.95,Mumbai
11.0,Ahmedabad
12.53,Coimbatore
3.75,Bangalore
27.0,Pune
9.95,Pune
4.2,Jaipur
2.0,Delhi
3.25,Kolkata
34.0,Bangalore
30.37,Coimbatore
12.6,Kochi
5.09,Kochi
24.5,Bangalore
7.97,Kochi
2.9,Delhi
21.33,Kochi
6.5,Bangalore
12.15,Coimbatore
4.25,Kolkata
35.84,Coimbatore
3.0,Chennai
6.75,Chennai
5.65,Bangalore
7.5,Pune
13.34,Kochi
7.9,Hyderabad
6.98,Coimbatore
5.75,Mumbai
2.65,Kolkata
2.49,Kolkata
1.5,Pune
6.5,Kochi
8.0,Hyderabad
30.85,Coimbatore
17.15,Kochi
4.55,Hyderabad
7.4,Hyderabad
25.64,Kochi
13.5,Kolkata
3.55,Bangalore
15.0,Ahmedabad
1.95,Pune
2.3,Pune
15.0,Chennai
3.15,Chennai
5.0,Hyderabad
24.75,Jaipur
2.6,Pune
3.75,Ahmedabad
4.85,Ahmedabad
27.0,Jaipur
3.0,Kolkata
28.75,Delhi
14.49,Hyderabad
72.0,Delhi
4.0,Chennai
4.5,Delhi
6.25,Mumbai
11.5,Pune
3.1,Pune
10.11,Mumbai
11.54,Coimbatore
1.0,Delhi
2.5,Kolkata
18.0,Kochi
6.85,Coimbatore
2.97,Kochi
4.75,Pune
7.38,Coimbatore
42.75,Delhi
3.65,Bangalore
5.99,Kochi
13.5,Pune
7.0,Chennai
10.95,Hyderabad
2.95,Pune
5.5,Ahmedabad
17.08,Kochi
6.85,Hyderabad
10.5,Jaipur
8.75,Hyderabad
2.7,Kolkata
4.25,Mumbai
7.9,Pune
4.5,Delhi
4.0,Kolkata
4.75,Delhi
7.65,Kolkata
3.47,Kochi
5.64,Kochi
2.95,Kolkata
5.65,Jaipur
8.41,Kochi
0.85,Pune
0.8,Pune
5.65,Coimbatore
4.5,Kolkata
6.9,Ahmedabad
2.2,Mumbai
4.0,Jaipur
5.6,Mumbai
2.2,Delhi
4.0,Bangalore
16.0,Jaipur
12.6,Mumbai
4.79,Kochi
3.65,Mumbai
6.83,Kochi
0.51,Jaipur
0.69,Pune
4.65,Delhi
6.49,Kolkata
2.9,Chennai
7.4,Delhi
3.25,Bangalore
1.95,Ahmedabad
4.0,Jaipur
6.85,Delhi
5.45,Coimbatore
1.99,Hyderabad
8.99,Hyderabad
6.5,Kolkata
9.27,Coimbatore
6.99,Ahmedabad
36.76,Coimbatore
17.08,Kochi
2.8,Kolkata
2.49,Kolkata
8.85,Jaipur
4.15,Ahmedabad
10.0,Hyderabad
4.75,Delhi
3.2,Jaipur
3.28,Kochi
7.5,Bangalore
7.39,Coimbatore
3.65,Pune
11.0,Chennai
3.0,Kolkata
2.25,Chennai
2.83,Kochi
4.11,Coimbatore
14.7,Kolkata
25.0,Pune
2.35,Bangalore
6.41,Coimbatore
5.75,Ahmedabad
17.55,Chennai
10.25,Jaipur
3.16,Kochi
22.5,Bangalore
3.55,Kochi
9.86,Kochi
45.0,Chennai
7.99,Kochi
6.5,Jaipur
0.75,Kolkata
9.87,Coimbatore
6.36,Kochi
9.5,Mumbai
6.05,Kochi
2.15,Mumbai
5.5,Hyderabad
1.25,Kolkata
11.99,Coimbatore
2.5,Mumbai
11.66,Kochi
0.53,Jaipur
3.1,Kolkata
2.6,Hyderabad
5.09,Kochi
2.3,Hyderabad
6.0,Pune
4.4,Ahmedabad
11.0,Delhi
5.7,Coimbatore
6.95,Chennai
7.9,Hyderabad
29.3,Kochi
10.24,Kolkata
5.35,Pune
3.49,Mumbai
2.85,Hyderabad
5.35,Mumbai
3.62,Coimbatore
6.25,Hyderabad
3.19,Kochi
5.5,Delhi
7.67,Kochi
5.5,Jaipur
6.6,Hyderabad
55.0,Chennai
21.0,Pune
4.5,Jaipur
20.67,Coimbatore
6.5,Hyderabad
37.98,Coimbatore
1.45,Mumbai
2.95,Delhi
7.9,Hyderabad
10.07,Kochi
6.5,Mumbai
22.0,Hyderabad
9.75,Hyderabad
6.0,Jaipur
3.99,Delhi
1.75,Ahmedabad
19.75,Delhi
16.95,Kolkata
6.8,Chennai
0.99,Kolkata
2.95,Pune
42.83,Coimbatore
21.5,Hyderabad
7.9,Jaipur
2.3,Hyderabad
2.75,Delhi
6.71,Jaipur
9.6,Kochi
12.81,Kochi
6.94,Coimbatore
9.45,Mumbai
6.0,Hyderabad
11.0,Delhi
2.6,Delhi
1.95,Hyderabad
45.0,Mumbai
22.0,Chennai
4.9,Kolkata
6.25,Kochi
6.1,Chennai
2.6,Mumbai
29.0,Hyderabad
3.3,Pune
3.05,Hyderabad
3.25,Kolkata
3.75,Delhi
13.25,Mumbai
4.8,Hyderabad
3.8,Kochi
8.5,Pune
38.76,Coimbatore
3.2,Ahmedabad
3.5,Hyderabad
12.25,Pune
4.75,Mumbai
4.5,Delhi
2.35,Kolkata
3.4,Hyderabad
10.0,Pune
9.0,Hyderabad
5.2,Delhi
1.85,Chennai
38.0,Chennai
5.11,Kochi
9.66,Coimbatore
3.4,Kolkata
5.84,Kochi
3.8,Kolkata
2.5,Mumbai
6.95,Kolkata
5.5,Pune
6.19,Coimbatore
6.0,Hyderabad
3.75,Pune
9.46,Kochi
3.0,Jaipur
5.75,Chennai
4.41,Coimbatore
3.7,Kochi
2.5,Kolkata
5.35,Coimbatore
3.65,Delhi
13.0,Delhi
2.45,Delhi
5.75,Mumbai
8.11,Coimbatore
7.75,Ahmedabad
5.85,Coimbatore
4.29,Mumbai
8.0,Hyderabad
16.5,Mumbai
5.5,Jaipur
6.35,Delhi
7.9,Jaipur
7.2,Hyderabad
3.65,Bangalore
6.35,Kochi
7.8,Pune
1.4,Chennai
5.5,Chennai
8.5,Hyderabad
10.48,Kochi
0.75,Ahmedabad
1.3,Pune
21.0,Mumbai
2.3,Delhi
14.95,Mumbai
35.92,Coimbatore
4.5,Pune
5.5,Hyderabad
4.45,Mumbai
6.85,Chennai
5.5,Bangalore
5.07,Kochi
3.85,Mumbai
7.95,Chennai
1.25,Jaipur
3.64,Kochi
20.0,Jaipur
10.36,Coimbatore
1.85,Chennai
4.05,Jaipur
48.5,Mumbai
8.25,Bangalore
5.25,Pune
4.4,Mumbai
25.75,Mumbai
29.52,Kochi
2.1,Kolkata
3.71,Kochi
7.5,Pune
9.44,Kochi
1.2,Pune
24.0,Delhi
35.0,Ahmedabad
8.25,Mumbai
9.75,Delhi
3.45,Kolkata
11.85,Jaipur
16.14,Coimbatore
3.7,Pune
4.0,Ahmedabad
5.8,Delhi
4.65,Kolkata
15.0,Pune
6.8,Mumbai
10.25,Bangalore
2.7,Chennai
8.5,Hyderabad
7.75,Pune
2.7,Pune
1.3,Hyderabad
1.75,Chennai
13.2,Hyderabad
1.0,Pune
6.37,Kochi
4.5,Kolkata
6.5,Mumbai
4.99,Mumbai
43.3,Coimbatore
6.5,Mumbai
2.25,Mumbai
9.95,Hyderabad
7.35,Mumbai
4.6,Hyderabad
8.5,Chennai
11.86,Coimbatore
8.0,Pune
21.5,Delhi
1.3,Pune
5.9,Chennai
9.5,Bangalore
4.5,Chennai
2.25,Hyderabad
3.35,Mumbai
0.7,Kolkata
16.0,Bangalore
8.0,Pune
4.74,Kochi
36.0,Mumbai
5.54,Kochi
22.99,Mumbai
10.08,Kochi
2.85,Pune
0.55,Pune
45.52,Coimbatore
7.29,Coimbatore
4.3,Chennai
4.8,Chennai
5.25,Mumbai
2.8,Chennai
4.35,Kochi
5.49,Kolkata
3.1,Pune
6.5,Bangalore
6.4,Bangalore
6.22,Kochi
8.4,Mumbai
5.9,Pune
3.4,Pune
6.5,Jaipur
1.7,Chennai
6.0,Delhi
11.9,Hyderabad
48.0,Bangalore
8.0,Mumbai
2.45,Hyderabad
1.75,Kolkata
21.75,Bangalore
7.25,Pune
3.0,Pune
2.51,Jaipur
19.6,Chennai
15.5,Pune
11.5,Chennai
1.76,Coimbatore
4.68,Jaipur
4.0,Delhi
2.8,Hyderabad
8.25,Mumbai
1.7,Kolkata
14.85,Mumbai
12.85,Mumbai
16.0,Hyderabad
4.7,Hyderabad
5.94,Bangalore
8.0,Hyderabad
5.45,Delhi
26.76,Kochi
3.5,Hyderabad
1.39,Mumbai
4.7,Kolkata
5.75,Ahmedabad
8.11,Coimbatore
0.75,Delhi
1.0,Pune
5.3,Hyderabad
8.0,Jaipur
2.74,Pune
7.5,Mumbai
13.5,Jaipur
2.2,Kolkata
13.25,Mumbai
3.88,Delhi
0.85,Jaipur
5.11,Kochi
4.25,Mumbai
16.52,Coimbatore
0.6,Pune
4.8,Hyderabad
6.25,Mumbai
8.3,Mumbai
3.25,Pune
7.75,Pune
30.54,Kochi
2.27,Jaipur
2.96,Pune
4.0,Chennai
5.25,Bangalore
17.56,Kochi
3.25,Mumbai
4.0,Bangalore
2.2,Coimbatore
7.43,Pune
10.75,Mumbai
2.75,Delhi
45.0,Hyderabad
19.75,Mumbai
3.2,Delhi
4.75,Hyderabad
9.48,Coimbatore
4.83,Coimbatore
4.75,Delhi
4.0,Jaipur
2.9,Jaipur
2.65,Kolkata
2.5,Hyderabad
